KADIRI,14.17,78.14
NANDYAL,15.48,78.48
BARPETA,26.34,91.02
HAFLONG,25.18,92.9
GUWAHATI,26.18,91.75
MORIGAON,26.26,92.33
UDALGURI,26.7,92.04
TRONGSA,27.5,90.47
BUXAR,25.56,84.02
PATNA,25.61,85.12
VAISALI,17.35,78.52
MADHOPUR,26.89,85.34
CHANDIGARH,30.73,76.78
MUNGESHPUR,28.82,76.97
NARELA,28.84,77.09
PITAMPURA,28.7,77.13
JAFARPUR,22.78,88.39
NAJAFGARH,28.61,77
GOA,15.3,74.09
AHMEDABAD,23.02,72.58
KARJODA,24.21,72.47
AHWA,20.76,73.69
GANDHINAGAR,23.22,72.65
GANDHINAGAR,23.22,72.65
GANDHINAGAR,23.22,72.65
GANDHINAGAR,23.22,72.65
BHUJ,23.25,69.67
BHUJ,23.25,69.67
BHUJ,23.25,69.67
BILODARA,23.53,72.66
BILODARA,23.53,72.66
BILODARA,23.53,72.66
BILODARA,23.53,72.66
SURENDRANAGAR,22.75,71.67
SURENDRANAGAR,22.75,71.67
SURENDRANAGAR,22.75,71.67
SURENDRANAGAR,22.75,71.67
AMBALA,30.38,76.77
AMBALA,30.38,76.77
AMBALA,30.38,76.77
AMBALA,30.38,76.77
BHIWANI,28.79,76.14
BHIWANI,28.79,76.14
BHIWANI,28.79,76.14
BHIWANI,28.79,76.14
FATEHABAD,29.47,75.52
FATEHABAD,29.47,75.52
FATEHABAD,29.47,75.52
FATEHABAD,29.47,75.52
SADALPUR,25.09,75.09
SADALPUR,25.09,75.09
SADALPUR,25.09,75.09
SADALPUR,25.09,75.09
KAITHAL_UKG,29.82,76.38
KAITHAL_UKG,29.82,76.38
KAITHAL_UKG,29.82,76.38
KAITHAL_UKG,29.82,76.38
KURUKSHETRA,29.97,76.85
KURUKSHETRA,29.97,76.85
KURUKSHETRA,29.97,76.85
PANCHKULA,30.62,77.04
PANCHKULA,30.62,77.04
PANCHKULA,30.62,77.04
PANCHKULA,30.62,77.04
SIRSA,29.58,75.08
SIRSA,29.58,75.08
SIRSA,29.58,75.08
SIRSA,29.58,75.08
UDAIPUR,24.58,73.69
DHARMSHALA,27.61,77.17
BAJAURA,31.85,77.16
SAINJ,31.78,77.52
KOTKHAI,31.16,77.53
MASHOBRA,31.11,77.51
NARKANDA,31.25,77.46
NAHAN,30.56,77.26
KASAULI,30.86,77
UNA,31.58,76.25
PAHALGAM,34.02,75.33
JAMMU,32.72,74.86
GOVINDPURA,28.28,75.46
SHOPIAN,33.72,74.83
RAMBAGH,28.85,73.9
BOKARO,23.7,85.99
PAKUR,24.64,87.86
SAHEBGANJ,26.25,84.94
BANGALORE,12.98,77.59
CHIKMAGALUR,13.32,75.77
GULBARGA,17.17,77.08
KOPPAL,15.35,76.15
BRAHMAVAR,13.44,74.75
HONAVAR,14.28,74.45
KAYAMKULAM,9.17,76.5
CHERUTHONI,9.86,76.96
MUNNAR,10.09,77.06
PILICODE,12.2,75.16
KOZHIKODE,11.26,75.78
NILAMBUR,11.3,76.34
THIRUVANANTHAPURAM,8.52,76.94
VELLAYANI,8.45,76.99
VELLANIKKARA,10.55,76.28
GUNA,24.5,77.5
HARDA,22.34,77.09
SAGAR,23.81,78.76
SATNA,24.5,81
VIDISHA,23.92,78
AMRAVATI,21.15,77.64
LONAR,19.98,76.49
GADCHIROLI,19.76,80.16
NAGPUR,21.15,79.08
NAVAPUR,19.79,72.69
KALWAN,20.53,73.93
MALEGAON,20.26,76.98
PALGHAR,19.68,72.83
PASHAN,18.54,73.8
RAJGURUNAGAR,18.86,73.89
TALEGAON,18.74,73.67
DAPOLI,17.76,73.21
RATNAGIRI,17.28,73.46
MAHABALESHWAR,17.89,73.61
DEVGAD,16.38,73.5
SHILLONG,25.58,91.88
JOWAI,25.44,92.2
KARAIKAL,10.92,79.84
AMRITSAR,31.63,74.87
BARNALA,30.37,75.5
KAPURTHAL_UKGA,31.39,75.31
MOGA,30.78,75.16
MOHALI,30.7,76.72
MUKTSAR,30.28,74.52
PATIALA,30.21,76.34
RAUNI,30.6,76.09
SANGRUR,30.21,75.82
AJMER,26.47,74.64
ALWAR,27.64,76.61
BARAN,24.92,76.7
BARMER,25.58,71.62
BHARATPUR,27.27,77.37
BIKANER,28.02,73.32
BIKANER,28.02,73.32
BIKANER,28.02,73.32
DHOLPUR,26.7,77.9
DHOLPUR,26.7,77.9
DHOLPUR,26.7,77.9
DHOLPUR,26.7,77.9
GANGANAGAR,23.75,91.88
GANGANAGAR,23.75,91.88
GANGANAGAR,23.75,91.88
HANUMANGARH,29.37,74.3
HANUMANGARH,29.37,74.3
HANUMANGARH,29.37,74.3
HANUMANGARH,29.37,74.3
JAIPUR,26.92,75.82
JAIPUR,26.92,75.82
JAIPUR,26.92,75.82
JAIPUR,26.92,75.82
JAISALMER,27.03,70.78
JAISALMER,27.03,70.78
JAISALMER,27.03,70.78
JHALAWAR,24.31,76.52
JODHPUR,26.3,73.04
JODHPUR,26.3,73.04
JODHPUR,26.3,73.04
KARAULI,26.52,77.06
KARAULI,26.52,77.06
PALI,25.6,73.42
PALI,25.6,73.42
PALI,25.6,73.42
PALI,25.6,73.42
GYALSHING,27.42,88.18
ARIYALUR,11.08,79.12
CHENNAI,13.08,80.27
CHIDAMBARAM,11.41,79.67
NEYVELI,11.54,79.48
KALAVAI,12.77,79.42
HOSUR,12.73,77.83
PERIAKULAM,10.12,77.53
COONOOR,11.32,76.77
THIRUCHENDUR,8.5,78.13
TIRUNELVELI,8.7,77.58
TIRUNELVELI,8.7,77.58
TIRUNELVELI,8.7,77.58
TIRUNELVELI,8.7,77.58
VIRUDHUNAGAR,9.52,77.88
ADILABAD,19.5,78.5
ADILABAD,19.5,78.5
ADILABAD,19.5,78.5
HYDERABAD,17.36,78.47
HYDERABAD,17.36,78.47
HYDERABAD,17.36,78.47
ASWARAOPET,17.24,81.13
ASWARAOPET,17.24,81.13
ASWARAOPET,17.24,81.13
ASWARAOPET,17.24,81.13
RUDRUR,18.58,77.88
RUDRUR,18.58,77.88
RUDRUR,18.58,77.88
RUDRUR,18.58,77.88
WARANGAL,17.98,79.6
WARANGAL,17.98,79.6
WARANGAL,17.98,79.6
BHIKIYASAIN,29.7,79.26
BHIKIYASAIN,29.7,79.26
BHIKIYASAIN,29.7,79.26
BHIKIYASAIN,29.7,79.26
JAGESHWAR,29.64,79.85
JAGESHWAR,29.64,79.85
JAGESHWAR,29.64,79.85
JAINTI,29.49,79.83
TAKULA ,29.73,79.7
TAKULA ,29.73,79.7
TAKULA ,29.73,79.7
TAKULA ,29.73,79.7
BAGESHWAR,30.01,79.93
BAGESHWAR,30.01,79.93
BAGESHWAR,30.01,79.93
BAGESHWAR,30.01,79.93
GARUD,29.93,79.62
KANDA,29.85,79.94
KANDA,29.85,79.94
KANDA,29.85,79.94
KANDA,29.85,79.94
DEWAL,25.41,83.78
DEWAL,25.41,83.78
DEWAL,25.41,83.78
DEWAL,25.41,83.78
GAIRSAIN,30.08,79.27
GAIRSAIN,30.08,79.27
GAIRSAIN,30.08,79.27
GAIRSAIN,30.08,79.27
TAPOVAN,29.87,80.56
TAPOVAN,29.87,80.56
TAPOVAN,29.87,80.56
TAPOVAN,29.87,80.56
DEVIDHURA,29.41,79.87
DEVIDHURA,29.41,79.87
DEVIDHURA,29.41,79.87
DEVIDHURA,29.41,79.87
LOHAGHAT,29.41,80.12
LOHAGHAT,29.41,80.12
LOHAGHAT,29.41,80.12
LOHAGHAT,29.41,80.12
PANCHESHWAR,29.44,80.24
PANCHESHWAR,29.44,80.24
PANCHESHWAR,29.44,80.24
PATI ,29.35,79.94
PATI ,29.35,79.94
PATI ,29.35,79.94
PATI ,29.35,79.94
TANAKPUR,29.07,80.11
TANAKPUR,29.07,80.11
TANAKPUR,29.07,80.11
TANAKPUR,29.07,80.11
CHAKRATA,30.74,77.93
CHAKRATA,30.74,77.93
CHAKRATA,30.74,77.93
DEHRADUN,30.33,78.04
DEHRADUN,30.33,78.04
DEHRADUN,30.33,78.04
DEHRADUN,30.33,78.04
KALSI_UKG ,30.58,77.88
KALSI_UKG ,30.58,77.88
KALSI_UKG ,30.58,77.88
NAGTHAT_UKG,30.57,77.97
NAGTHAT_UKG,30.57,77.97
RAIWALA_UKG,30.03,78.21
RAIWALA_UKG,30.03,78.21
RAIWALA_UKG,30.03,78.21
RAIWALA_UKG,30.03,78.21
SAHASPUR_UKG,30.39,77.81
SAHASPUR_UKG,30.39,77.81
SAHASPUR_UKG,30.39,77.81
SAHASPUR_UKG,30.39,77.81
BHAGWANPUR _UKG,24.92,83.64
BHAGWANPUR _UKG,24.92,83.64
BHAGWANPUR _UKG,24.92,83.64
BHAGWANPUR _UKG,24.92,83.64
DHANAURI,30.41,76.04
DHANAURI,30.41,76.04
DHANAURI,30.41,76.04
DHANAURI,30.41,76.04
KHANPUR_UKG,25.85,85.94
KHANPUR_UKG,25.85,85.94
KHANPUR_UKG,25.85,85.94
LAKSAR_UKG,29.7,78.07
LAKSAR_UKG,29.7,78.07
BETALGHAT_UKG,29.54,79.34
BETALGHAT_UKG,29.54,79.34
BETALGHAT_UKG,29.54,79.34
HALDWANI_UKG,29.21,79.53
HALDWANI_UKG,29.21,79.53
HALDWANI_UKG,29.21,79.53
KALADHUNGI,29.28,79.26
KALADHUNGI_UKG,29.28,79.26
KALADHUNGI,29.28,79.26
KALADHUNGI,29.28,79.26
NAINITAL,29.2,79.42
NAINITAL_UKG,29.2,79.43
NAINITAL_UKG,29.2,79.42
NAINITAL_UKG,29.2,79.42
RAMNAGAR,27.16,81.36
RAMNAGAR_UKG,27.16,81.36
RAMNAGAR_UKG,27.16,81.36
RAMNAGAR_UKG,27.16,81.36
KALAGARH,29.48,78.78
KALAGARH_UKG,29.48,78.79
KALAGARH_UKG,29.48,78.79
KALAGARH_UKG,29.48,78.79
NAINIDANDA,29.74,79.01
NAINIDANDA_UKG,29.74,79.02
RIKHNIKHAL_UKG,29.77,78.87
RIKHNIKHAL_UKG,29.77,78.87
RIKHNIKHAL_UKG,29.77,78.87
RIKHNIKHAL_UKG,29.77,78.87
RISHIKESH (NEELKANTH) _UKG ,30.08,78.34
RISHIKESH (NEELKANTH) _UKG ,30.08,78.34
RISHIKESH (NEELKANTH) _UKG ,30.08,78.34
RISHIKESH (NEELKANTH) _UKG ,30.08,78.34
YAMKESHWAR_UKG,29.99,78.37
DIDIHAT,29.76,80.24
DIDIHAT_UKG,29.76,80.25
DIDIHAT,29.76,80.25
DIDIHAT,29.76,80.25
GANGOLIHAT,29.66,80.04
GANGOLIHAT_UKG,29.66,80.05
GANGOLIHAT,29.66,80.05
GANGOLIHAT,29.66,80.05
KANALICHHINA,29.68,80.26
KANALICHHINA_UKG,29.68,80.27
KANALICHHINA,29.68,80.27
KANALICHHINA,29.68,80.27
JAKHOLI,30.44,78.93
JAKHOLI_UKG,30.44,78.94
JAKHOLI,30.44,78.94
JAKHOLI,30.44,78.94
RUDRAPRAYAG,30.3,79.05
RUDRAPRAYAG_UKG,30.3,79.06
RUDRAPRAYAG,30.3,79.06
UKHIMATH,30.59,79.12
UKHIMATH_UKG,30.59,79.13
UKHIMATH,30.59,79.13
UKHIMATH,30.59,79.13
KANATAL,30.42,78.32
KANATAL_UKG,30.42,78.32
NARENDRA NAGAR ,30.19,78.41
NARENDRA NAGAR _UKG,30.19,78.42
NARENDRA NAGAR ,30.19,78.41
NARENDRA NAGAR ,30.19,78.41
BAJPUR,29.16,79.16
BAJPUR_UKG,29.16,79.16
BAJPUR,29.16,79.16
BAJPUR,29.16,79.16
JASPUR,29.28,78.87
KASHIPUR,29.21,78.96
KASHIPUR_UKG,29.21,78.96
KASHIPUR,29.21,78.96
KASHIPUR,29.21,78.96
KHATIMA,28.91,79.95
KHATIMA,28.91,79.94
KHATIMA_UKG,28.91,79.95
KHATIMA,28.91,79.95
BARKOT,21.54,85.08
BARKOT,21.54,85.07
BARKOT_UKG,21.54,85.08
BARKOT,21.54,85.08
HARSIL _UKG,31.04,78.74
HARSIL ,31.04,78.75
NAITWAR,31.06,78.1
NAUGAON,20.11,86.2
NAUGAON,20.11,86.2
NAUGAON,20.11,86.2
NAUGAON,20.11,86.2
RAJGARHI,30.82,78.24
RAJGARHI_UKG,30.82,78.24
RAJGARHI,30.82,78.24
RAJGARHI,30.82,78.24
UTTAR_KASHI,30.97,78.63
UTTAR_KASHI_UKG,30.97,78.63
UTTAR_KASHI,30.97,78.63
UTTAR_KASHI,30.97,78.63
BALLIA,25.88,84.12
BALLIA,25.88,84.12
BALLIA,25.88,84.12
BULANDSHAHAR,28.52,77.6
BULANDSHAHAR,28.52,77.6
BULANDSHAHAR,28.52,77.6
BULANDSHAHAR,28.52,77.6
DEORIA,26.42,83.76
DEORIA,26.42,83.76
DEORIA,26.42,83.76
DEORIA,26.42,83.76
ETAWAH,26.72,79.09
ETAWAH,26.72,79.09
ETAWAH,26.72,79.09
FATEHPUR,25.84,80.92
FATEHPUR,25.84,80.92
FATEHPUR,25.84,80.92
GONDA,27.11,81.92
GONDA,27.11,81.92
GONDA,27.11,81.92
GORAKHPUR,26.67,83.36
GORAKHPUR,26.67,83.36
GORAKHPUR,26.67,83.36
GORAKHPUR,26.67,83.36
HATHRAS,27.57,78.11
HATHRAS,27.57,78.11
HATHRAS,27.57,78.11
HATHRAS,27.57,78.11
LUCKNOW,26.84,80.93
LUCKNOW,26.84,80.93
LUCKNOW,26.84,80.93
LUCKNOW,26.84,80.93
MAHRAJGANJ,27.18,83.49
MAHRAJGANJ,27.18,83.49
MAHRAJGANJ,27.18,83.49
MAHRAJGANJ,27.18,83.49
MAINPURI,27.21,79.05
MAINPURI,27.21,79.05
MAINPURI,27.21,79.05
MAU,26.04,83.5
MAU,26.04,83.5
MAU,26.04,83.5
MAU,26.04,83.5
MEERUT,29,77.77
MEERUT,29,77.77
MEERUT,29,77.77
PILIBHIT,28.5,80.11
PILIBHIT,28.5,80.11
PILIBHIT,28.5,80.11
FURSATGANJ,26.25,81.38
FURSATGANJ,26.25,81.38
FURSATGANJ,26.25,81.38
FURSATGANJ,26.25,81.38
RAMPUR,28.79,79.19
RAMPUR,28.79,79.19
RAMPUR,28.79,79.19
RAMPUR,28.79,79.19
KHALILABAD,26.8,82.99
KHALILABAD,26.8,82.99
KHALILABAD,26.8,82.99
KHALILABAD,26.8,82.99
BHADOHI,25.42,82.49
BHADOHI,25.42,82.49
BHADOHI,25.42,82.49
BHADOHI,25.42,82.49
VARANASI,25.34,83.01
VARANASI,25.34,83.01
VARANASI,25.34,83.01
VARANASI,25.34,83.01
DARJEELING,27.04,88.26
ULUBERIA,22.47,88.09
ULUBERIA,22.47,88.09
ULUBERIA,22.47,88.09
ULUBERIA,22.47,88.09
JALPAIGURI,26.63,88.73
JALPAIGURI,26.63,88.73
JALPAIGURI,26.63,88.73
JALPAIGURI,26.63,88.73
JHARGRAM,22.38,87.05
JHARGRAM,22.38,87.05
JHARGRAM,22.38,87.05
JHARGRAM,22.38,87.05
KOLKATA,22.54,88.36
KOLKATA,22.54,88.36
KOLKATA,22.54,88.36
KOLKATA,22.54,88.36
BERHAMPORE,24.05,88.24
KRISHNAGAR,22.19,88.7
PURULIA,23.03,89.59
PRATTIPADU,16.42,81.07
TAMULPUR,26.68,91.59
TAMULPUR,26.68,91.59
TAMULPUR,26.68,91.59
MANIKPUR,26.41,87.13
MANIKPUR,26.41,87.13
MANIKPUR,26.41,87.13
CHANDRAPUR,26.21,91.9
CHANDRAPUR,26.21,91.9
CHANDRAPUR,26.21,91.9
CHANDRAPUR,26.21,91.9
KHETRI,28,75.78
KHETRI,28,75.78
KHETRI,28,75.78
KURTHA,25.13,84.81
KURTHA,25.13,84.81
KURTHA,25.13,84.81
KURTHA,25.13,84.81
MAPUSA,15.59,73.81
MAPUSA,15.59,73.81
MAPUSA,15.59,73.81
PERNEM,15.71,73.82
PERNEM,15.71,73.82
PERNEM,15.71,73.82
PERNEM,15.71,73.82
CANACONA,15.01,74.04
CANACONA,15.01,74.04
CANACONA,15.01,74.04
CANACONA,15.01,74.04
VIRAMGAM,23.12,72.05
VIRAMGAM,23.12,72.05
VIRAMGAM,23.12,72.05
VIRAMGAM,23.12,72.05
DEHGAM,21.7,69.6
DEHGAM,21.7,69.6
DEHGAM,21.7,69.6
DEHGAM,21.7,69.6
BERTHIN,31.42,76.64
BERTHIN,31.42,76.64
BERTHIN,31.42,76.64
BERTHIN,31.42,76.64
BAKLOH,32.47,75.93
BARSAR,31.56,76.48
BARSAR,31.56,76.48
BARSAR,31.56,76.48
BARSAR,31.56,76.48
BHORANJ,31.66,76.66
BHORANJ,31.66,76.66
BHORANJ,31.66,76.66
BHORANJ,31.66,76.66
BAIJNATH,32.05,76.67
BAIJNATH,32.05,76.67
BAIJNATH,32.05,76.67
TATTAPANI,31.25,77.09
TATTAPANI,31.25,77.09
TATTAPANI,31.25,77.09
FAGU,31.09,77.3
ROHRU,31.23,77.73
ROHRU,31.23,77.73
ROHRU,31.23,77.73
ROHRU,31.23,77.73
SUNNI,31.24,77.12
SUNNI,31.24,77.12
SUNNI,31.24,77.12
SUNNI,31.24,77.12
TRAL,33.99,75.15
JAMKHANDI,16.81,74.66
JAMKHANDI,16.81,74.66
JAMKHANDI,16.81,74.66
JAMKHANDI,16.81,74.66
HESSARGHATTA,13.05,77.51
HESSARGHATTA,13.05,77.51
HESSARGHATTA,13.05,77.51
HESSARGHATTA,13.05,77.51
GOPAL_NAGAR,23.06,88.76
GOPAL_NAGAR,23.06,88.76
GOPAL_NAGAR,23.06,88.76
GOPAL_NAGAR,23.06,88.76
MADHAVARA(NICE),13.06,77.48
MADHAVARA(NICE),13.06,77.48
MADHAVARA(NICE),13.06,77.48
MADHAVARA(NICE),13.06,77.48
ARABHAVI,16.22,74.82
ARABHAVI,16.22,74.82
ARABHAVI,16.22,74.82
ATHANI,16.73,75.06
ATHANI,16.73,75.06
ATHANI,16.73,75.06
ATHANI,16.73,75.06
AURAD,18.25,77.42
AURAD,18.25,77.42
AURAD,18.25,77.42
AURAD,18.25,77.42
BASAVAKALYAN,17.88,76.95
BASAVAKALYAN,17.88,76.95
BASAVAKALYAN,17.88,76.95
SULYA,12.56,75.39
SULYA,12.56,75.39
SULYA,12.56,75.39
SULYA,12.56,75.39
VITLA,12.76,75.1
VITLA,12.76,75.1
VITLA,12.76,75.1
VITLA,12.76,75.1
KALAGHATAGI,15.18,74.97
KALAGHATAGI,15.18,74.97
KALAGHATAGI,15.18,74.97
KALAGHATAGI,15.18,74.97
GANAGAPURA,17.18,76.53
GANAGAPURA,17.18,76.53
GANAGAPURA,17.18,76.53
GANAGAPURA,17.18,76.53
RATTIHALLI,14.42,75.51
GANGAVATHI,15.42,76.53
GANGAVATHI,15.42,76.53
GANGAVATHI,15.42,76.53
GANGAVATHI,15.42,76.53
MUNIRABAD,15.28,76.33
MUNIRABAD,15.28,76.33
MUNIRABAD,15.28,76.33
MUNIRABAD,15.28,76.33
YELBURGA,15.62,76.01
YELBURGA,15.62,76.01
YELBURGA,15.62,76.01
YELBURGA,15.62,76.01
SIDDAPURA,14.34,74.89
MALANOOR,16.45,76.44
MALANOOR,16.45,76.44
MALANOOR,16.45,76.44
ALAPPUZHA,9.5,76.41
ALAPPUZHA,9.5,76.41
ALAPPUZHA,9.5,76.41
ALAPPUZHA,9.5,76.41
NEELESWARAM,11.36,75.98
NEELESWARAM,11.36,75.98
NEELESWARAM,11.36,75.98
NEELESWARAM,11.36,75.98
PALLURUTHY,9.92,76.27
PALLURUTHY,9.92,76.27
PALLURUTHY,9.92,76.27
PALLURUTHY,9.92,76.27
THODUPUZHA,9.88,76.76
THODUPUZHA,9.88,76.76
THODUPUZHA,9.88,76.76
THODUPUZHA,9.88,76.76
CHERUTHAZHAM,12.08,75.26
CHERUTHAZHAM,12.08,75.26
CHERUTHAZHAM,12.08,75.26
CHERUTHAZHAM,12.08,75.26
MATTANUR,11.94,75.59
MATTANUR,11.94,75.59
MATTANUR,11.94,75.59
MATTANUR,11.94,75.59
MANJESWARAM,12.68,74.97
MANJESWARAM,12.68,74.97
MANJESWARAM,12.68,74.97
MANJESWARAM,12.68,74.97
ANCHAL,8.93,76.91
ANCHAL,8.93,76.91
ANCHAL,8.93,76.91
ANCHAL,8.93,76.91
THENMALA,8.97,77.07
THENMALA,8.97,77.07
THENMALA,8.97,77.07
THENMALA,8.97,77.07
ANAKAYAM,10.3,76.72
ANAKAYAM,10.3,76.72
ANAKAYAM,10.3,76.72
ERIMAYUR,10.65,76.58
ERIMAYUR,10.65,76.58
ERIMAYUR,10.65,76.58
KANJIRAPUZHA,10.99,76.54
KANJIRAPUZHA,10.99,76.54
KANJIRAPUZHA,10.99,76.54
KANJIRAPUZHA,10.99,76.54
MEENKARA,10.62,76.8
MEENKARA,10.62,76.8
MEENKARA,10.62,76.8
MEENKARA,10.62,76.8
KONNI,9.27,77.06
KONNI,9.27,77.06
KONNI,9.27,77.06
KONNI,9.27,77.06
VAZHAKUNNAM,9.35,76.74
VAZHAKUNNAM,9.35,76.74
VAZHAKUNNAM,9.35,76.74
VAZHAKUNNAM,9.35,76.74
PERINGAMALA,9.87,76.5
PERINGAMALA,9.87,76.5
PERINGAMALA,9.87,76.5
PERINGAMALA,9.87,76.5
PERUMKADAVILA,8.44,77.11
PERUMKADAVILA,8.44,77.11
PERUMKADAVILA,8.44,77.11
PERUMKADAVILA,8.44,77.11
CHIMONI,10.44,76.46
CHIMONI,10.44,76.46
CHIMONI,10.44,76.46
CHIMONI,10.44,76.46
ENAMAKKAL,10.51,76.09
ENAMAKKAL,10.51,76.09
ENAMAKKAL,10.51,76.09
ENAMAKKAL,10.51,76.09
MANANTHAVADY,11.83,75.94
MANANTHAVADY,11.83,75.94
MANANTHAVADY,11.83,75.94
MANANTHAVADY,11.83,75.94
MEENANGADI,11.68,76.17
MEENANGADI,11.68,76.17
MEENANGADI,11.68,76.17
MEENANGADI,11.68,76.17
ISAGARH,24.84,77.89
ISAGARH,24.84,77.89
ISAGARH,24.84,77.89
KANNOD,22.67,76.74
SUSNER,23.94,76.1
NARWAR,25.64,77.91
NARWAR,25.64,77.91
NARWAR,25.64,77.91
NARWAR,25.64,77.91
BANDRA,26.05,85.62
BANDRA,26.05,85.62
BANDRA,26.05,85.62
BANDRA,26.05,85.62
BHAYANDER,19.3,72.86
BHAYANDER,19.3,72.86
BHAYANDER,19.3,72.86
DAHISAR,19.25,72.86
DAHISAR,19.25,72.86
DAHISAR,19.25,72.86
DAHISAR,19.25,72.86
MAHALAXMI,27.63,85.38
MAHALAXMI,27.63,85.38
MAHALAXMI,27.63,85.38
MAHALAXMI,27.63,85.38
RAM_MANDIR,16.82,74.65
RAM_MANDIR,16.82,74.65
RAM_MANDIR,16.82,74.65
RAM_MANDIR,16.82,74.65
TATA POWER CHEMBUR,12.85,77.67
TATA POWER CHEMBUR,12.85,77.67
TATA POWER CHEMBUR,12.85,77.67
TATA POWER CHEMBUR,12.85,77.67
KALAMB,20.37,78.34
PHALTAN,17.96,74.41
PERIYA_KALAPET,12.03,79.87
PERIYA_KALAPET,12.03,79.87
PERIYA_KALAPET,12.03,79.87
TARAMANI,12.98,80.24
TARAMANI,12.98,80.24
TARAMANI,12.98,80.24
TARAMANI,12.98,80.24
LALPET,11.3,79.56
LALPET,11.3,79.56
LALPET,11.3,79.56
LALPET,11.3,79.56
CHEMBARAMBAKKAM,13.03,80.06
CHEMBARAMBAKKAM,13.03,80.06
CHEMBARAMBAKKAM,13.03,80.06
CHEYYUR,12.38,79.85
CHEYYUR,12.38,79.85
CHEYYUR,12.38,79.85
CHEYYUR,12.38,79.85
MELUR,10.09,78.36
VALINOKKAM,9.16,78.65
KAYATHAR,8.95,77.77
KAYATHAR,8.95,77.77
KAYATHAR,8.95,77.77
KAYATHAR,8.95,77.77
SATTANKULAM,8.41,77.92
SATTANKULAM,8.41,77.92
SATTANKULAM,8.41,77.92
SATTANKULAM,8.41,77.92
ARANI,12.69,79.3
ARANI,12.69,79.3
ARANI,12.69,79.3
POONAMALLEE,13.08,80.05
POONAMALLEE,13.08,80.05
POONAMALLEE,13.08,80.05
POONAMALLEE,13.08,80.05
CHEYYAR,12.64,79.52
VANIYAMBADI,12.61,78.76
VANIYAMBADI,12.61,78.76
VANIYAMBADI,12.61,78.76
VANIYAMBADI,12.61,78.76
THIRUKOILUR,11.97,79.21
THIRUKOILUR,11.97,79.21
THIRUKOILUR,11.97,79.21
THIRUKOILUR,11.97,79.21
GOLKONDA,17.39,78.41
GOLKONDA,17.39,78.41
GOLKONDA,17.39,78.41
GOLKONDA,17.39,78.41
RAMACHANDRAPURAM,16.82,82.06
RAMACHANDRAPURAM,16.82,82.06
RAMACHANDRAPURAM,16.82,82.06
RAMACHANDRAPURAM,16.82,82.06
HAYATHNAGAR,17.33,78.6
HAYATHNAGAR,17.33,78.6
HAYATHNAGAR,17.33,78.6
SERILINGAMPALLY,17.47,78.34
SERILINGAMPALLY,17.47,78.34
SERILINGAMPALLY,17.47,78.34
SERILINGAMPALLY,17.47,78.34
UPPAL,15.98,77.68
UPPAL_UKG,15.98,77.68
UPPAL,15.98,77.68
UPPAL,15.98,77.68
DANGOLI,29.93,79.61
DANGOLI_UKG,29.93,79.61
DANGOLI,29.93,79.61
DANGOLI,29.93,79.61
LITI_UKG,30,80.04
BANBASA,28.99,80.07
BANBASA_UKG,28.99,80.07
BANBASA,28.99,80.07
BANBASA,28.99,80.07
NIRANJANPUR_UKG,22.78,75.89
NIRANJANPUR_UKG,22.78,75.89
NIRANJANPUR_UKG,22.78,75.89
NIRANJANPUR_UKG,22.78,75.89
CHORGALIA,29.12,79.69
CHORGALIA_UKG,29.12,79.69
CHORGALIA,29.12,79.69
BERINAG_UKG,29.79,80.09
BERINAG_UKG,29.79,80.09
BERINAG_UKG,29.79,80.09
BUDHA KEDAR,30.58,78.65
BUDHA KEDAR_UKG,30.58,78.65
JAKHNIDHAR_UKG,30.33,78.51
JAKHNIDHAR_UKG,30.33,78.51
JAKHNIDHAR_UKG,30.33,78.51
JAKHNIDHAR_UKG,30.33,78.51
PRATAPNAGAR,30.5,78.49
PRATAPNAGAR_UKG,30.5,78.49
PRATAPNAGAR,30.5,78.49
PRATAPNAGAR,30.5,78.49
GADARPUR,29.09,79.31
GADARPUR_UKG,29.09,79.31
GADARPUR,29.09,79.31
GADARPUR,29.09,79.31
KICHHA,28.97,79.49
KICHHA_UKG,28.97,79.49
KICHHA,28.97,79.49
KICHHA,28.97,79.49
BHITI,26.45,82.35
BHITI_UKG,26.45,82.35
BHITI,26.45,82.35
BHITI,26.45,82.35
LALGANJ,25.79,82.96
LALGANJ_UKG,25.79,82.96
LALGANJ,25.79,82.96
LALGANJ,25.79,82.96
PHOOLPUR,26.83,77.91
PHOOLPUR_UKG,26.83,77.91
PHOOLPUR,26.83,77.91
PHOOLPUR,26.83,77.91
BISAULI,28.31,78.87
BISAULI_UKG,28.31,78.87
BISAULI,28.31,78.87
BISAULI,28.31,78.87
BARAUT,29.15,77.31
BARAUT_UKG,29.15,77.31
BARAUT,29.15,77.31
BARAUT,29.15,77.31
KAISERGANJ,27.3,81.56
KAISERGANJ_UKG,27.3,81.56
KAISERGANJ,27.3,81.56
KAISERGANJ,27.3,81.56
NANPARA,28.03,81.38
NANPARA_UKG,28.03,81.38
NANPARA,28.03,81.38
NANPARA,28.03,81.38
RASRA,25.89,83.88
RASRA_UKG,25.89,83.88
RASRA,25.89,83.88
RASRA,25.89,83.88
BABERU,25.55,80.78
BABERU_UKG,25.55,80.78
BABERU,25.55,80.78
BABERU,25.55,80.78
FARIDPUR,28.19,79.54
FARIDPUR,28.19,79.54
FARIDPUR_UKG,28.19,79.54
FARIDPUR,28.19,79.54
DHAMPUR,29.28,78.54
DHAMPUR_UKG,29.28,78.54
DHAMPUR,29.28,78.54
DHAMPUR,29.28,78.54
JALESAR,27.47,78.35
JALESAR_UKG,27.47,78.35
JALESAR,27.47,78.35
JALESAR,27.47,78.35
MILKIPUR,26.61,81.88
MILKIPUR_UKG,26.61,81.88
MILKIPUR,26.61,81.88
MILKIPUR,26.61,81.88
KHAGA,25.72,81.1
KHAGA_UKG,25.72,81.1
KHAGA,25.72,81.1
KHAGA,25.72,81.1
TUNDLA,27.23,78.28
TUNDLA_UKG,27.23,78.28
TUNDLA,27.23,78.28
TUNDLA,27.23,78.28
MANAKPUR,30.62,76.71
MANAKPUR_UKG,30.62,76.71
MANAKPUR,30.62,76.71
MANAKPUR,30.62,76.71
UTRAULA,27.24,82.39
UTRAULA,27.24,82.39
UTRAULA,27.24,82.39
SHAHABAD,27.6,80.03
MARIAHU,25.55,82.58
MARIAHU,25.55,82.58
MARIAHU,25.55,82.58
MARIAHU,25.55,82.58
HATA,26.83,83.67
HATA,26.83,83.67
HATA,26.83,83.67
NIGHASAN,28.32,80.96
NIGHASAN,28.32,80.96
MOHANLALGANJ,26.67,81.07
MOHANLALGANJ,26.67,81.07
MOHANLALGANJ,26.67,81.07
MOHANLALGANJ,26.67,81.07
MAWANA,29.05,77.96
MAWANA,29.05,77.96
MAWANA,29.05,77.96
CHUNAR,25.02,82.91
CHUNAR,25.02,82.91
CHUNAR,25.02,82.91
CHUNAR,25.02,82.91
LALGANJ(MIRZAPUR),24.85,82.28
LALGANJ(MIRZAPUR),24.85,82.28
LALGANJ(MIRZAPUR),24.85,82.28
LALGANJ(MIRZAPUR),24.85,82.28
CHANDAUSI,28.49,78.74
CHANDAUSI,28.49,78.74
CHANDAUSI,28.49,78.74
CHANDAUSI,28.49,78.74
SHAMLI,29.5,77.35
SHAMLI,29.5,77.35
SHAMLI,29.5,77.35
SHAMLI,29.5,77.35
PURANPUR,28.57,80.18
KUNDA,25.76,81.58
KUNDA,25.76,81.58
KUNDA,25.76,81.58
KUNDA,25.76,81.58
UNCHAHAR,25.96,81.32
UNCHAHAR,25.96,81.32
UNCHAHAR,25.96,81.32
UNCHAHAR,25.96,81.32
SAHABAD,28.57,79.01
SAHABAD,28.57,79.01
SAHABAD,28.57,79.01
SAHABAD,28.57,79.01
MANIHARAN,29.76,77.47
MANIHARAN,29.76,77.47
MANIHARAN,29.76,77.47
JALALABAD,27.68,79.54
JALALABAD,27.68,79.54
JALALABAD,27.68,79.54
SIDHAULI,27.29,80.83
SIDHAULI,27.29,80.83
SIDHAULI,27.29,80.83
DUDHI,24.12,83.01
DUDHI,24.12,83.01
DUDHI,24.12,83.01
DUDHI,24.12,83.01
GHORAWAL,24.73,82.76
GHORAWAL,24.73,82.76
GHORAWAL,24.73,82.76
GHORAWAL,24.73,82.76
AMETHI,26.35,81.62
AMETHI,26.35,81.62
AMETHI,26.35,81.62
AMETHI,26.35,81.62
KADIPUR,26.14,82.41
KADIPUR,26.14,82.41
KADIPUR,26.14,82.41
KADIPUR,26.14,82.41
JAGATBALLAVPUR,22.63,88.11
JAGATBALLAVPUR,22.63,88.11
JAGATBALLAVPUR,22.63,88.11
JAGATBALLAVPUR,22.63,88.11
DEGANGA,22.72,88.65
DEGANGA,22.72,88.65
DEGANGA,22.72,88.65
DEGANGA,22.72,88.65
UTKUR_KVK,14.48,78.82
UTKUR_KVK,14.48,78.82
UTKUR_KVK,14.48,78.82
UTKUR_KVK,14.48,78.82
GARIKAPADU_KVK,16.67,80.72
GARIKAPADU_KVK,16.67,80.72
GARIKAPADU_KVK,16.67,80.72
GARIKAPADU_KVK,16.67,80.72
BANAVASI_KVK,15.83,78.04
BANAVASI_KVK,15.83,78.04
BANAVASI_KVK,15.83,78.04
BANAVASI_KVK,15.83,78.04
NELLORE_KVK,14.45,79.99
NELLORE_KVK,14.45,79.99
NELLORE_KVK,14.45,79.99
NELLORE_KVK,14.45,79.99
DARSI_KVK,15.5,79.5
DARSI_KVK,15.5,79.5
DARSI_KVK,15.5,79.5
DARSI_KVK,15.5,79.5
AMADALAVALASA_KVK,18.32,83.92
AMADALAVALASA_KVK,18.32,83.92
AMADALAVALASA_KVK,18.32,83.92
JORHAT_AGRO,26.76,94.21
SONITPUR_AGRO,26.77,92.7
SONITPUR_AGRO,26.77,92.7
SONITPUR_AGRO,26.77,92.7
ARARIA_KVK,26.26,87.37
ARARIA_KVK,26.26,87.37
ARARIA_KVK,26.26,87.37
ARARIA_KVK,26.26,87.37
AURANGABAD_KVK,19.88,75.34
AURANGABAD_KVK,19.88,75.34
AURANGABAD_KVK,19.88,75.34
AURANGABAD_KVK,19.88,75.34
BANKA_KVK,24.87,86.87
BANKA_KVK,24.87,86.87
BANKA_KVK,24.87,86.87
BANKA_KVK,24.87,86.87
BEGUSARAI_KVK,25.51,86.09
BEGUSARAI_KVK,25.51,86.09
BEGUSARAI_KVK,25.51,86.09
BEGUSARAI_KVK,25.51,86.09
BHOJPUR_AGRO,25.25,84.25
BHOJPUR_AGRO,25.25,84.25
BHOJPUR_AGRO,25.25,84.25
BHOJPUR_AGRO,25.25,84.25
JAMUI_AGRO,24.97,86.17
JAMUI_AGRO,24.97,86.17
JAMUI_AGRO,24.97,86.17
JAMUI_AGRO,24.97,86.17
JAMUI_KVK,24.97,86.17
JAMUI_KVK,24.97,86.17
JAMUI_KVK,24.97,86.17
JAMUI_KVK,24.97,86.17
KATIHAR_KVK,25.56,87.65
KATIHAR_KVK,25.56,87.65
KATIHAR_KVK,25.56,87.65
KATIHAR_KVK,25.56,87.65
KHAGARIA_KVK,25.49,86.7
KHAGARIA_KVK,25.49,86.7
KHAGARIA_KVK,25.49,86.7
KHAGARIA_KVK,25.49,86.7
MUZAFFARPUR_ICAR,26.15,85.34
MUZAFFARPUR_ICAR,26.15,85.34
MUZAFFARPUR_ICAR,26.15,85.34
MUZAFFARPUR_ICAR,26.15,85.34
NAWADA_KVK,24.82,85.52
NAWADA_KVK,24.82,85.52
NAWADA_KVK,24.82,85.52
PURNEA_KVK,25.78,87.47
PURNEA_KVK,25.78,87.47
PURNEA_KVK,25.78,87.47
PURNEA_KVK,25.78,87.47
PUSA_BIHAR(AGRO),25.77,85.87
AMRELI_KVK,20.87,70.75
AMRELI_KVK,20.87,70.75
DAHOD_KVK,22.84,74.26
DAHOD_KVK,22.84,74.26
DAHOD_KVK,22.84,74.26
DAHOD_KVK,22.84,74.26
JAMNAGAR_KVK,22.47,70.06
JAMNAGAR_KVK,22.47,70.06
JAMNAGAR_KVK,22.47,70.06
JAMNAGAR_KVK,22.47,70.06
NARMADA_KVK,22.67,77.58
NARMADA_KVK,22.67,77.58
NARMADA_KVK,22.67,77.58
NARMADA_KVK,22.67,77.58
PANCHMAHAL_KVK,28.63,77.31
PANCHMAHAL_KVK,28.63,77.31
PANCHMAHAL_KVK,28.63,77.31
PANCHMAHAL_KVK,28.63,77.31
VALSAD_KVK,20.43,73.14
VALSAD_KVK,20.43,73.14
VALSAD_KVK,20.43,73.14
VALSAD_KVK,20.43,73.14
KAUL_AGRO,29.82,76.38
KAUL_AGRO,29.82,76.38
KAUL_AGRO,29.82,76.38
KAUL_AGRO,29.82,76.38
PALAMPUR,32.07,76.24
PALAMPUR,32.07,76.24
PALAMPUR,32.07,76.24
PALAMPUR,32.07,76.24
SEOBAGH,32,77.38
SEOBAGH,32,77.38
SEOBAGH,32,77.38
SEOBAGH,32,77.38
NAUNI,30.93,77.08
NAUNI,30.93,77.08
NAUNI,30.93,77.08
NAUNI,30.93,77.08
CHATHA_AGRO,32.72,74.86
CHATHA_AGRO,32.72,74.86
CHATHA_AGRO,32.72,74.86
KULGAM_AGRO,33.67,75.01
HAZARIBAG_KVK,23.97,85.44
HAZARIBAG_KVK,23.97,85.44
BAGALKOT_KVK,16.19,75.7
BAGALKOT_KVK,16.19,75.7
BAGALKOT_KVK,16.19,75.7
HANUMAN MATTI_KVK,14.79,75.4
HANUMAN MATTI_KVK,14.79,75.4
GONIKOPPAL_KVK,12.38,75.67
TAMAKA_KVK,13.14,78.13
GANGAVATHI_KVK,15.35,76.15
GANGAVATHI_KVK,15.35,76.15
MANDYA_KVK,12.52,76.9
CHANDURAYANGHALLI_KVK,12.73,77.28
KONEHALLI_KVK,13.34,77.1
KONEHALLI_KVK,13.34,77.1
PATTAMBI_KVK,10.79,76.47
AURANGABAD_KVK,19.88,75.34
AURANGABAD_KVK,19.88,75.34
TULGA_KVK,18.17,76.12
TULGA_KVK,18.17,76.12
TULGA_KVK,18.17,76.12
MULDE,16.14,73.65
BHATINDA,30.18,75.05
BHATINDA,30.18,75.05
BHATINDA,30.18,75.05
BHATINDA,30.18,75.05
GURDASPUR,31.9,75.23
GURDASPUR,31.9,75.23
GURDASPUR,31.9,75.23
LUDHIYANA,30.91,75.85
LUDHIYANA,30.91,75.85
LUDHIYANA,30.91,75.85
LUDHIYANA,30.91,75.85
JAIPUR_AGRO,26.92,75.82
JAIPUR_AGRO,26.92,75.82
JAIPUR_AGRO,26.92,75.82
JAIPUR_AGRO,26.92,75.82
MADHAVARAM_AGRO,13.08,80.27
COIMBATORE_AGRO,11,76.96
COIMBATORE_AGRO,11,76.96
COIMBATORE_AGRO,11,76.96
PAIYUR_AGRO,12.1,78.19
PAIYUR_AGRO,12.1,78.19
PAIYUR_AGRO,12.1,78.19
THIRUPATHISARAM,8.08,77.55
THIRUPATHISARAM,8.08,77.55
THIRUPATHISARAM,8.08,77.55
THIRUPATHISARAM,8.08,77.55
NAMAKKAL,11.28,78.17
ADUTHURAI_AGRO,10.79,79.14
ADUTHURAI_AGRO,10.79,79.14
ADUTHURAI_AGRO,10.79,79.14
KOVILPATTI,8.81,78.15
KOVILPATTI,8.81,78.15
KOVILPATTI,8.81,78.15
KOVILPATTI,8.81,78.15
ADILABAD_KVK,19.5,78.5
ADILABAD_KVK,19.5,78.5
ADILABAD_KVK,19.5,78.5
MAYAL_KVK,17.71,80.04
MAYAL_KVK,17.71,80.04
MAYAL_KVK,17.71,80.04
MAYAL_KVK,17.71,80.04
KAMPASAGAR,16.86,79.22
KAMPASAGAR,16.86,79.22
KAMPASAGAR,16.86,79.22
KAMPASAGAR,16.86,79.22
ROORKEE,29.94,78.15
ROORKEE,29.94,78.15
ROORKEE,29.94,78.15
ROORKEE,29.94,78.15
BHARAICH,27.73,81.48
BHARAICH,27.73,81.48
BHARAICH,27.73,81.48
BHARAICH,27.73,81.48
PACHPEDWA,27.45,82.4
PACHPEDWA,27.45,82.4
PACHPEDWA,27.45,82.4
PACHPEDWA,27.45,82.4
PRAYAGRAJ,25.44,81.83
PRAYAGRAJ,25.44,81.83
PRAYAGRAJ,25.44,81.83
PRAYAGRAJ,25.44,81.83
KALIMPONG,27.03,88.65
KALIMPONG,27.03,88.65
KALIMPONG,27.03,88.65
KALIMPONG,27.03,88.65
AASHTI,18.48,75.11
ABOI,25.42,94.43
ADAKKAPUTHUR,10.88,76.36
ADAMPUR_FGH,30.5844,76.4
ADAMPUR_JLD,31.44,75.71
ADILABAD,19.65,78.5217
ADIRAMAPATTINAM,10.36,79.3883
ADONI,15.62,77.27
ADUTHURAI_AMFU,11,79.4967
AGALPUR,20.97,83.49
AGAR,23.71,76.01
AGRA,27.17,78.03
AGUMBE,13.5,75.1
AGWANPUR_AMFU,25.91,86.55
AHERI,19.41,80
AHMEDABAD,23.07,72.6167
AHMEDNAGAR,19.0883,74.7469
AHWA,20.76,73.69
AIZWAL,23.8333,92.7456
AJAYGARH,24.91,80.25
AJMER,26.42,74.62
AJNALA_AMRITSAR,31.8669,74.8669
AKBARPUR,26.43,82.57
AKHUAPADA,20.91,86.28
AKKALKOT,17.51,76.19
AKKALKUWA,21.2167,74.02
AKOLA,20.7153,77.0503
ALAND,17.57,76.56
ALAPPUZHA,9.49,76.31
ALIGARH,27.9,78.07
ALMORA,29.6,79.65
ALIPINGAL,20.22,86.14
ALIPORE,22.5358,88.33
ALIPURDUAR,26.34,89.49
ALIRAJPUR,22.3139,74.3531
PRAYAGRAJ,25.41,81.8333
ALMEL,17.1,76.22
ALONG,28.2028,94.8025
ALVAGONDA,15.13,78.23
ALWAR,27.53,76.5833
AMADALAVALASA_AWS,18.4101,83.903
AMARKANTAK,24.91,80.79
AMARNATH_HOLY_CAVE,34.2,75.5
AMARPUR,23.51,91.66
AMARWADA,22.3,79.16
AMB,31.68,76.11
AMBABHONA,21.58,83.41
AMBADOLA,19.83,83.45
AMBAH,26.7,78.22
AMBAJIPETA,16.6,81.94
AMBALA,30.22,76.45
AMBALAVAYAL_AFMU,11.0617,76.21
AMBEJOGAI,18.72,76.36
AMBIKAPUR,23.09,83.14
AMETHI,26.15,81.8
AMLOH,30.6,76.23
AMRAGHAT,24.6,92.95
AMRAVATI,20.9453,77.7814
AMRITPUR,27.52,79.59
AMRITSAR,31.63,74.83
ANAKAYAM,11.09,76.11
ANAND,22.58,72.9167
ANANDAPURAM,14.08,75.21
ANANDAPURAM_ARG,17.89,83.37
ANANDPUR,21.2,86.13
ANANTHRAJPETA,13.9919,79.3308
ANANTNAG,33.6692,75.1719
ANANTPUR_AMFU,17.7017,83.0033
ANCHAL,8.93,76.92
ANDER,26.1,84.2839
ANDIPATTI,10,77.6
ANGUL,20.83,85.1
ANINI,28.7928,95.8956
ANKAPALLI_AMFU,17.6833,83
ANLAREM,25.26,92.1
ANNA_UNIVERSITY,13.0112,80.2355
ANNU,31.11,77.77
ANOOPSHAHAR,28.35,78.2525
ANTA,25.1,76.19
ANUPPUR,23.12,81.6833
ARABHAVI,16.22,74.81
ARAKU_VALLEY,18.32,82.87
ARANI,12.6667,79.2667
ARARIA,26.11,87.44
ARIARI,25.07,85.8333
ARIYALUR,11.13,79.7
ARJUNI,22.69,82.05
ARKI,23.1,85.53
ARMOOR_ARG,18.7911,78.2867
ARNEJ,22.58,72.28
AROGYAVARAM,13.59,78.53
ARON,24.38,77.39
ARWAL,25.24,84.66
ARZOO,28.4889,95.8269
ASHOKNAGAR,24.5972,77.75
ASIFABAD,19.3544,79.2839
ASTHA,23.01,76.72
ASTRANGA,19.98,86.27
ASWARAOPET,11.1367,79.0933
ATHAGARH,20.5189,85.6261
ATHANI,16.73,75.03
ATTABIRA,21.37,83.78
AUNDHA_NAGNATH,19.52,77.03
AURAD,18.4,77.4
AURAI,25.26,82.55
AURANGABAD,19.8561,75.2853
AURRAIYA,26.55,79.55
AUR_PHAMBRA_ROAD,31.06,75.99
AUSA,18.1333,76.2833
AVANIGADDA,16.02,80.91
AVATHI,13.34,75.63
AWALEGAON,16.07,73.45
AYANAGAR,28.48,77.13
A_D_NAGAR,23.8089,91.2731
A_LOT,23.76,75.53
BABERU,25.33,80.43
BACHAU,23.3031,70.36
BACHAU_AMFU,23.4,70.4
BADARPUR,24.87,92.56
BADAUN,28.01,79.11
BADESHWAR,24.57,74.5
BADI_KAKORAN,30.79,76.81
BADNAWAR,23.1,75.24
BAGALKOT_AMFU,16.1333,75.5833
BAGESHWAR,29.8308,79.77
BAGHA,27.1322,84.05
BAGHI,31.23,77.55
BAGHMARA,25.2083,90.6425
BAGICHA,22.96,83.64
BAGIDORA,23.4,74.26
BAGODA,25.21,72.02
BAHADURGARH,28.69,76.93
BAHROWAL,31.1844,75.96
BAH_AGRA,27.1767,78.0081
BAIHATA_CHARIALI,26.34,91.72
BAIJNATH,32.05,76.64
BHAINSIYA CHHANA ,29.71,79.88
BHIKIYASAIN,29.69,79.26
BAIR,27.1,77.16
BAJAURA,31.5,77.09
BAKHTIYARPUR,25.46,85.52
BAKLOH,32.27,75.56
BAKORE,32.8071,74.55
BALACHAR,31.09,76.38
BALAGHAT,21.81,80.18
BALASMAND,29.03,75.28
BALIGUDA,20.19,83.9
BALIKUDA,20.12,86.28
BALIMUNDALI,22.06,86.64
BALIPATNA,20.19,85.96
BALISHANKAR,22.3333,84.03
BALLIA,25.92,84.13
BALOD,20.7,81.23
BALRAMPUR,23.18,83.71
BALTAL,34.26,75.42
BAMANWAS,26.56,76.55
BAMRA,22.05,84.28
BANAGANAPALLI,15.32,78.23
BANARPAL,20.84,85.21
BANDIPORA,34.2733,74.59
BANDRA,19.05,72.82
BANFI,27.11,82.58
BANGA,31.12,75.95
BANGALORE,12.97,77.5667
BANGANA,31.6289,76.345
BANGRIPOSHI,22.1333,86.54
BANKA,24.8333,86.9
BANKI,20.375,85.5281
BANKURA,23.245,87.0475
BANPUR,19.7714,85.1635
BANSDIH,25.8767,84.2178
BANSGAON,26.55,83.34
BANSWADA,18.3736,77.8525
BANSWARA,23.55,74.44
BANSWARA(AGRO),23.51,74.38
BAPATLA,15.92,80.4983
BARAGARH,21.33,83.62
BARAMULLA,34.3494,74.4017
BARAN,25.11,76.47
BARAPALLI,21.18,83.59
BARARA,30.2,77.03
BARASIA,23.62,77.43
BARAUT,29.2833,77.15
BARDIYA,28.44,81.25
BARDOLI,21.11,73.11
BAREILLY,28.3417,79.4175
BARELI,22.99,78.23
BARGAON,22.17,84.2833
BARHIYA,25.28,86.0167
BARI,20.67,86.3333
BARKAGAON,23.84,85.22
BARKOT,21.54,84.97
BARMER,25.75,71.4
BARMUL,20.51,84.87
BARNALA,30.36,75.53
BARNALA_ARG,30.25,75.62
BARPETA,26.4689,90.9
BARPETA_ARG,26.32,91
BARRACKPORE,22.76,88.36
BARSAR,31.52,76.4661
BARUIPUR_AMFU,22.375,88.4358
BARVALA,22.16,71.89
BARWANI,22.03,74.97
BASAR_AMFU,27.9947,94.7039
BASAVAKALYAN,17.86,76.94
BASERI,26.75,77.54
BASIA,22.87,84.82
BASIRHAT,22.6625,88.8725
BASMATNAGAR,19.2833,77.1
BASTI,26.79,82.72
BASUDEVPUR,21.13,86.75
BASWA,27.15,76.56
BATGAON,21.24,84.65
BAWAL,28.08,76.59
BAYAD,23.21,73.21
BEER,32.0461,76.72
BEGUMGANJ,23.59,78.33
BEGUNIA,20.2,85.45
BEGUSARAI,25.65,86.02
BELGOAN,20.31,83.2833
BELGUNTHA,19.08,84.06
BELLARY,15.2228,76.9097
BELONIA,23.24,91.47
BELPADA,20.2524,83.2278
BEMETARA_DURG,21.72,81.54
BENIPATTI,26.9,85.85
BEOHARI,24.26,81.36
BERHAMPORE,24.0919,88.2656
BERHAMPUR,19.2833,84.8
BERI,28.69,76.57
BERO,23.3,85.1
BERTHIN,31.41,76.64
BETAMCHARLA,15.45,78.15
BETANATI,21.74,86.8333
BETUL,21.86,77.9369
BHABHARA,22.53,74.33
BHABUA,25.03,85.5833
BHADERWAH,32.95,75.72
BHADOHI,25.21,82.27
BHADOHI_ARG,25.38,82.56
BHADRACHALAM,17.67,80.8828
BHADRAKH,21.1,86.5
BHAGALPUR_AMFU,25.23,87.03
BHAGWANPURHAT,26.08,84.68
BHAINSA_ARG,19.1031,77.9653
BHAISDEHI,21.64,77.62
BHANDAL,32.08,76.12
BHANDARA,21.1581,79.6539
BHANDARA_KVK,21.1581,79.6539
BHANDARDARA,19.33,73.45
BHANDARI,26.28,94.11
BHANDER,25.73,78.74
BHANJANAGAR,19.9333,84.5833
BHANPUR,27.1,82.39
BHANPURA,24.3,80.78
BHANUPRATAPPUR,20.31,81.07
BHANVAD,21.93,69.77
BHARAICH,27.5833,81.58
BHARARI,25.53,78.4
BHARATPUR,27.13,77.2833
BHARATPUR_AMFU,27.2,77.46
BHARMAUR,32.27,76.33
BHARSAR,30.05,79
BHARTHANA,26.45,79.14
BHARWAIN,31.48,76.07
BHARWARA,31.83,76.18
BHATINDA,30.19,74.9333
BHATLI,21.47,83.53
BHATPARRANI,26.58,84.1
BHAVANI_PATNA_AMFU,19.92,83.16
BHAVIKERE_AMFU,13.72,75.72
BHAYANDER,19.3,72.8
BHEEMARAYANAGUDI,16.73,76.79
BHIKANGAON,21.86,75.96
BHILWARA,25.36,74.63
BHIMUNIPATTINAM,17.8883,83.45
BHINAY,26.06,74.76
BHIND,26.5728,78.81
BHINGA,27.7056,81.9072
BHIRA,18.27,73.23
BHITARWAR,25.79,78.11
BHITI,26.47,82.3
BHIWANI,28.8,76.13
BHOGAON,27.25,79.15
BHOJPUR_AMFU,25,84.01
BHOKAR,19.21,77.66
BHOKARDAN,20.23,75.76
BHONGIR,17.52,78.89
BHOOM,18.27,75.39
BHOPAL,23.28,77.35
BHOPAL_ARG,23.24,77.42
BHORANJ,31.65,76.65
BHUBAN,20.89,85.84
BHUBANESWAR,20.26,85.81
BHUBNESHWAR_ARG,20.25,85.82
BHUJ,23.25,69.6667
BIDAR,17.92,77.5167
BIDHUNA,26.48,79.14
BIHARSHARRIF,25.2,85.51
BIHUPURIA,26.9675,93.8706
BIJAPUR,18.8,80.8
BIJAWAR,24.65,79.49
BIJEPUR,21.19,83.45
BIJNI,26.42,90.7
BIJUUR_ARG,19.3419,79.8619
BIKANER,28,73.5
BIKANER_AMFU,28.0839,73.3333
BIKAPUR,26.59,82.1322
BILADA,26.21,73.68
BILASIPARA,26.25,90.28
BILASPUR,22.09,82.17
BILASPUR_HARYANA,30.37,77.31
BILASPUR_HP,31.3333,76.7525
BILAT,27.9428,95.1919
BILGRAM,27.19,80.0233
BILHAUR,26.84,80.0617
BILKAWTHLIR,24.33,92.7158
BILODARA,22.73,72.88
BILSI,28.1322,78.9
BINDAKI,26.03,80.58
BINIKA,21.03,83.81
BINJHARPUR,20.67,85.45
BINOG,31.43,76.8461
BIRGUNJ,27.045,84.866
BIRMAHARAJPUR,20.86,84.04
BIRNI,24.3003,85.37
BISAM_CUTTACK,19.51,83.5
BISAULI,28.31,78.9322
BISHNUPUR,24.3567,93.7011
BISWAN,27.4889,80.99
BMD_OFFICE,23.783,90.378
BOBBILI,18.57,83.35
BODEN,20.24,82.56
BODINAYAKANUR,10,77.35
BOKAJAN,26.1,93.78
BOKAKHAT,26.36,93.66
BOKARO,23.7961,85.8847
BOLAGARH,20.17,85.27
BOLANGIR,20.01,83.01
BOMDILA,27.42,95.85
BONAIGARH,21.83,84.9667
BONGAIGAON,26.35,90.65
BONTH,21.12,86.31
BOPANI,28.23,77.18
BORDUMSA,27.515,95.8781
BORSAD,22.4,72.9
BOTAD,22.17,71.66
BOUNDHGARH,20.83,84.33
BRAHMAVAR,13.35,74.75
BRAMHAGIRI,19.8,85.6667
BRAMHAPURI,20.36,79.51
BUHANA,28.2,75.87
BULANDSHAHAR,28.39,77.83
BULDHANA,20.5364,76.1914
BULDHANA_KVK,20.5364,76.1914
BUNDI,25.41,75.65
BUNGTLANG,22.35,92.76
BURDWAN,23.2144,87.8797
BURHANPUR,21.2831,76.1981
BURLA,21.5,83.8333
BURMAL,21.91,95.95
BUXAR,25.55,83.96
BYRNIHAT,26.08,91.88
CAGMO_SHIVAJINAGAR,18.5167,73.85
CANACONA,14.99,74.05
CANNING,22.26,88.6667
CDR_DOLPHINS_NOSE,17.67,83.28
CDO_GHAZIABAD,28.65,77.43
CHACCHRAULI,30.24,77.35
CHACHODA,24.18,77.0167
CHAIBASA,22.5278,85.08
CHAIL,30.97,77.2
CHAILENGTA,23.94,92
CHAKDAH,23.05,88.54
CHAKIA,25.04,83.22
CHAKRATA,30.7,77.86
CHAKUR,18.2833,76.5
CHALAKKUDY,10.3,76.33
CHALISGAON,20.46,75
CHAMATA,26.4,91.1339
CHAMKAUR_SAHIB,30.79,76.51
CHAMOLI,30.4,79.3167
CHAMPAWAT,29.34,80.09
CHAMPHAI,23.495,93.3094
CHAMRAJNAGAR,11.91,76.93
CHANDAHANDI,19.84,82.49
CHANDANPUR,22.17,86.56
CHANDANWARI,34.14,74.12
CHANDAUSI,28.27,78.46
CHANDEL,24.3603,94.0003
CHANDIGARH,30.6833,76.8333
CHANDIKHOLE,20.6833,86.1
CHANDINA,23.4892,91.0084
CHANDIPUR,21.45,87
CHANDPUR,29.0833,78.15
CHANDRAPUR,26.235,91.9378
CHANDURABASTH,26,85.01
CHANDWARA,24.4,85.48
CHANGLANG,27.13,95.7167
CHANGTONGYA,26.53,94.67
CHANPUR_BASAITHA,26.43,85.81
CHAPRA,25.7878,84.74
CHARKHARI,25.24,79.44
CHARKI_DADRI,28.59,76.26
CHATHA_AMFU,32.6533,74.7992
CHATRA,24.2119,84.8556
CHATTARGARH,28.66,73.12
CHAURI_CHAURA,26.64,83.5839
CHAUTH_KA_BARWARA,26.04,76.15
CHAWNGTE,22.62,92.63
CHAYAL,25.43,81.63
CHAYANGATO,27.6819,93.1358
CHELSEA,31.5311,77.1119
CHEMBARAMBAKKAM,13,80.0833
CHENGMARI_TEA_GARDEN,26.92,89.0167
CHENNAI,13.075,80.2633
CHENNAI_RIMC_LAB,13.075,80.2633
CHERTHAL_UKGA,9.67,76.33
CHERUTHAZHAM,12.06,75.25
CHERUTHONI,9.86,76.96
CHETTYKULAM,11.13,78.77
CHEVELLA,17.31,78.13
CHEYYAR,12.6667,79.5333
CHEYYUR,12.3511,80.0032
CHHABRA,24.66,76.84
CHHAILLA,31.09,77.42
CHHATA,27.5133,77.6737
CHHATARPUR,25.03,79.5
CHHENDIPARA,21.08,84.87
CHHIBRAMAU,27.1,79.5
CHHOTA_UDAIPUR,22.2833,74.01
CHHOTI_SADRI,24.37,74.7
CHHUARLUNG_CENTRE,22.44,93.09
CHIDAMBARAM,11.3867,79.7217
CHIKA,30.05,76.33
CHIKALDHARA,21.43,77.33
CHIKHLI,20.76,73.06
CHIKKANAKALLI,13.6631,76.9161
CHIKMAGALUR,13.34,75.8
CHILAMATHUR,13.84,77.7
CHILPI,22.17,81.05
CHIMONI,10.44,76.46
CHINCHWAD_PUNE,18.5,73.4
CHINDWARA,22.87,78.9
CHINNA_GANJAM,15.7,80.24
CHINSURA,22.8989,88.4358
CHINTAPALLI_AMFU,17.895,82.3417
CHIPLIMA_AMFU,21.36,83.88
CHIPLUN,17.31,73.32
CHITRAKOOT,25.17,80.91
CHITRANGI,24.46,82.53
CHITTAURGARH,24.9,74.61
CHITTOOR,13.21,79.09
CHOPDA,21.22,75.69
CHOPPAL,30.95,77.58
CHOPRA,26.35,88.3
CHOULDHUAGHAT,27.7333,94.4
CHOUSALA,18.43,75.42
CHOUTUPPAL,17.26,78.9
CHUMUKEDIMA,25.81,93.75
CHUNAR,23.25,86.89
CHURACHANDPUR,24.3567,93.7011
CHURU,28.28,75.12
CHUTILA,22.43,71.2
COIMBATORE_AMFU,11.0133,76.9383
COLNELGANJ,27.1319,81.7039
COONOOR,11.36,76.805
CUTTACK,20.46,85.9
CUTTACK_ARG,20.48,85.8333
DABHOI,21.13,73.42
DABUGAON,19.45,82.49
DABWALI,29.95,74.69
DADRI,28.55,77.55
DAHEJ,21.73,72.55
DAHISAR,19.49,72.86
DAHOD,22.88,74.23
DAITARI,21.11,85.8381
DALGAON,26.5689,92.1958
DALHOUSIALHA,32.31,76
DAMAN_ARG,20.43,72.84
DAMAN_AWS,20.4,72.8331
DAMBUK,28.2681,95.6167
DAMLA,30.1,77.28
DAMOH,23.82,79.4
DANAGADI,20.9,86.07
DANAURA,28.95,78.25
DANTEWADA,24.32,72.2833
DANTEWARA,18.9,81.3333
DAPOLI,17.7542,73.1767
DAPORIZO,27.8,94.2
DARBANGHA_ARG,26.1,85.19
DARBHANGA,26.38,85.73
DARISAI_AWS,22.695,86.3981
DARJEELING,27.05,88.2667
DARSI,15.7883,79.6517
DASHARATHPUR,28.46,81.8
DASPALLA,20.33,84.8333
DASUYA,31.81,75.65
DATIA,25.6881,78.4419
DAUSA,26.9,76.3333
DAYALPURA,30.2458,75.8421
DAYAPAR,23.37,68.54
DEBAGRAM,23.69,88.29
DEDIAPADA,21.62,73.58
DEDTALAI,21.49,76.75
DEEG,27.46,77.32
DEGANGA,22.6933,88.6781
DEGLOOR,18.2833,77.5
DEHGAM,23.16,72.81
DEHRADUN,30.32,78.05
DEVIDHURA,29.34,79.44
DELHI_UNIVERSITY,28.69,77.22
DENKANIKOTTAI,12.52,77.79
DEWAL,30.05,79.57
DEOGAON,21.87,83.94
DEOGARH,24.4922,86.6611
DEOGARH_AWS,21.54,84.72
DEOGHAR_ARG,24.49,86.66
DEOMALI,27.1919,95.4636
DEOMALI_ARG,27.2019,95.4639
DEORI,21.4,80.22
DEORIA,26.48,83.77
DEOSAR,25.21,78.74
DEOTHANG,26.858,91.462
DEPALPUR,22.84,75.53
DERABASH,20.52,86.38
DEVAKOTTAI,9.9667,78.8
DEVALLA,11.47,76.37
DEVARAKONDA,16.69,79.92
DEVGAD,16.3789,73.3822
DEVIHOSUR,14.78,75.33
DEVIHOSUR_AMFU,14.8,75.4
DEVPRAYAG,30.14,78.6
DEWAS,22.96,76.04
DHADESUGAR,15.6908,76.8925
DHAKAUNI,23.734,90.392
DHAKA_AIRPORT,23.847,90.402
DHAMA_SAMBALPUR,21.25,83.92
DHAMNAGAR,20.92,86.44
DHAMPUR,29.81,78.3133
DHAMRAAI,23.913,90.217
DHAMTARI,20.66,81.53
DHANAURI,29.93,77.97
DHANBAD,23.78,86.4167
DHANDHUKA,22.38,71.98
DHANGHATA,26.55,83.1
DHANIAKHALI,22.96,88.09
DHANKUTA,26.983,87.321
DHANSIRI,25.81,93.6
DHAR,22.3931,75.21
DHARAMJAIGARH,22.46,83.2089
DHARAMPUR,20.54,73.16
DHARAMPUR_ARG,30.9,77.02
DHARAPURAM,10.73,77.52
DHARI,21.23,71.03
DHARIAWAD,24.1,74.44
DHARMAGARH,19.86,82.78
DHARMSHALA,32.1994,76.325
DHARWAD_AMFU,15.48,74.98
DHAULA_KUAN,30.49,77.47
DHEKIAJULI,26.7089,92.4469
DHEMAJI,27.4758,94.5508
DHOLKA,22.73,72.43
DHOLPUR,26.72,77.89
DHORAJI,21.73,70.44
DHROL,22.56,70.51
DHULE,20.9,74.8
DHUPDHARA,25.96,91.05
DIBRUGARH,26.48,90.9
DIGAPAHANDI,19.2833,84.5
DIGHINALA_ROAD,23.24,92.06
DIGILIPUR_ISRO,13.31,93.0214
DIMAPUR,26.8,94.7
DINDIGUL,10.38,77.96
DINDORI,22.94,81.08
DINHATA,26.12,89.48
DIPHU_AMFU,25.8742,93.4472
DIRANG,27.36,92.2439
DIU,20.72,70.9167
DOMARIAGANJ,27.1322,82.4
DONGARGARH,21.23,80.82
DPS_INDIRAPURAM,28.6403,77.375
DRAS,34.45,75.77
DUDHI,24.12,83.24
DUDHNOI,25.98,90.78
DUDU,26.69,75.23
DUMKA,24.2542,87.2428
DUMMAGUDEM,17.85,80.88
DUNGARPUR,23.86,73.86
DUNGRIPALLI,21.04,83.54
DURG,21.97,81.24
DWARKA,22.37,69.0667
EAST_LUNGDAR,23.2,93.08
ELA,15.48,73.91
ELECTRONIC_CITY(NICE),12.8586,77.6572
ELLANABAD,29.43,74.69
ENAMAKKAL,10.5,76.1
ENDERGARH,25.72,76.19
ENNORE_PORT,13.2567,80.3467
ERIMAYUR,10.65,76.4617
ERODE_ISRO,11.3383,77.7233
ETAH,27.55,78.65
ETALIN,28.6069,95.87
ETAWAH,26.7883,78.9994
FAGU,31.07,77.3
FAIZABAD,26.54,81.83
FAKIRAGRAM,26.37,90.17
FARENDA,27.11,83.27
FARIDABAD,28.37,77.27
FARIDKOT,30.67,74.74
FARIDPUR,28.13,79.4
FARUKH_NAGAR,28.4439,76.8336
FATEHABAD,29.31,75.2833
FATEHGARH_SAHIB,30.62,76.41
FATEHGARH_SAHIB_ARG,30.6,76.51
FATEHPUR,25.93,80.8
FATEHPUR_AMFU,27.93,74.98
FAZILKA,30.43,73.99
FEROJPUR,30.91,74.66
FEROZEPUR_ZIRKA,27.77,76.94
FORBISGANJ,26.31,87.24
FURSATGANJ,26.2503,81.3769
G.UDAIGIRI,20,84.01
GABHANA,28.53,77.95
GADAG,15.4175,75.6442
GADARWARA,22.91,78.78
GADCHIROLI,20.17,79.98
GADWAL,16.23,78.0667
GAHWARA_MAIHAR,24.74,75.8
GAIRSAIN,30.0514,79.2883
GAISILET,20.96,83.31
GANAGAPURA,17.18,76.5297
GANAGRAMPUR,24.4,88.52
GANAKBARI_SAVAR,23.953,90.279
GANAUR,29.13,77.2
GANDERBAL,34.24,74.78
GANDEVI,20.81,73.02
GANDHAR,25.22,85.13
GANDHAR_ARG,23.94,75.61
GANDHINAGAR,23.27,72.65
GANGAKHED,18.9,76.6833
GANGANAGAR,29.91,73.88
GANGAPUR,19.76,75
GANGAVATHI,15.455,76.5297
GANGOLIHAT,29.65,80.04
GANGTOK,27.33,88.6167
GANIA,20.39,85.04
GARADPUR,20.38,86.36
GARBADA,22.67,74.31
GARGOTI(BHUDARGAD),16.18,74.08
GARHMUKTESHWAR,28.78,78.08
GARHSHANKAR,31.22,76.13
GARIABAND,20.63,82.06
GARIKAPADU,16.335,79.7007
GARUR,29.9,79.62
GARWA,24.1567,83.7847
GASA,27.898,89.7301
GAZIPUR,23.992,90.414
GEKU,28.5928,95.0869
GHAGHRA,23.48,84.55
GHANSALI,30.4333,78.6583
GHANSANGAVI,19.6833,75.9
GHARSANA,29.02,73.07
GHATAMPUR,26.14,80.16
GHATGAON,21.39,85.89
GHAT,30.3,79.45
GHATIGAON,26.05,77.93
GHATOL,23.7567,74.44
GHOGHA,21.68,72.27
GHORAWAL,24.74,82.78
GHUMARWIN,31.43,76.71
GIDDALUR,15.37,78.92
GIDDERBAHA,30.21,74.64
GIRIDIH,24.2061,86.3144
GOA,15.42,73.7667
GOALPARA,26.1594,90.6292
GOBICHETTY_PALAYAM,9.1667,78.6333
GOCHAR,30.28,79.15
GODDA,24.8278,87.2056
GODRA,22.8,73.22
GOGUNDA,24.75,73.31
GOHAD,26.41,78.45
GOHANA,29.13,76.7
GOHPUR,26.88,93.61
GOKULPUR,23.53,91.4617
GOLAGHAT,26.5,93.9167
GOLAGOKKARNATH,28.06,80.46
GOLEGAON,19.22,73.89
GOLKONDA,17.38,78.4
GONDA,26.1269,81.94
GONDIA,21.49,80.1333
GOP,19.9789,86.0189
GOPAL_NAGAR,12.89,77.51
GORAKHPUR,26.77,83.43
GOSSAIGAON_AMFU,26.4478,89.9431
GOTEGAON,23.03,79.48
GOTTABARRIEGE,18.67,83.95
GOVINDPUR,21.55,86.91
GOVINDPURA,33.2219,75.2614
GRAND_ANAICUT,10.82,78.81
GUDAMALANI,25.2,71.71
GUDARI,19.53,83.78
GULBARGA,17.3333,76.8
GULMARG,34.0339,74.3658
GUMLA,23.0758,84.5431
GUNA,24.6492,77.3183
GUNDLUPET,11.8,76.68
GUNPUR,19,83.01
GUNTHAKAL,15.18,77.38
GURDASPUR,32.05,75.42
GURGAON,28.42,77
GURUNDIA,21.8333,84.78
GUWAHATI,26.1,91.5667
GUWAHATI_ARG,26.11,91.76
GWALIOR,26.23,78.25
GYALSHING,27.2975,88.2431
HAA,27.3806,89.276
HAFLONG,25.1764,93.0133
HAGARI,15.1383,77.0614
HAIDERGARH,26.61,81.3578
HAILAKANDI,24.6003,92.55
HAMIRPUR,31.4,76.32
HAMSABHAVI,14.05,75.9019
HANDIA,25.36,82.18
HANSI,29.72,75.97
HANSOT,21.58,72.81
HANUMANGARH,29.55,74.35
HANUR,12.09,77.3
HAPUR,28.8167,77.8167
HARBHANGA,20.58,84.42
HARDA,22.4431,77.03
HARICHANDANPUR,21.3369,85.7869
HARIDWAR,29.92,78.12
HARINAGAR,24.56,92.46
HARNAUT,25.3333,85.63
HARRAIYA,26.7878,82.48
HARRAN,34.0619,74.71
HARUR,12.05,78.47
HASANGANJ,26.77,80.63
HASANPUR,28.73,78.28
HASIMARA,26.74,89.3667
HATA,26.7386,83.7438
HATHRAS,27.58,77.98
HATHUA,26.36,84.31
HATSINGIMARI,25.72,89.9
HATTA,24.13,79.59
HAVELI_KHARAGPUR,25.1219,86.5478
HAYATHNAGAR,17.34,78.59
HEMGIRI,21.9333,83.6833
HESSARGHATTA,13.56,77.05
HINDOL,20.6089,85.195
HINDUSTAN_UNIVERSITY,12.8342,79.7036
HINGANGHAT,20.31,78.47
HINGOLI,19.73,77.1333
HIPA,31.11,77.21
HISSAR_AMFU,29.13,75.6833
HIWARA,20.14,76.29
HNETHELIAL,23.2828,92.9308
HONAVAR,14.2828,74.4608
HOSARITTI,14.89,75.54
HOSHANGABAD,22.77,77.7667
HOSHANGABAD_AMFU,22.69,77.74
HOSIYARPUR,31.38,76.0239
HOSUR,12.7183,77.8267
HULIKAL,13.72,75
HUNSUR,12.31,76.27
HUSNABAD,18.13,79.21
HVF_AVADI,13.1167,80.1
HYDERABAD,17.4633,78.495
ICHAK,24.09,85.09
IDAR,23.83,73
IIT_MUMBAI,19.119,72.905
IKAUNA,27.52,81.98
IMANGAL,14.09,76.53
IMPHAL_AMFU,24.8267,93.9244
INDERGARH,25.9,78.54
INDORE,22.72,75.8
INDORE_AMFU,22.6833,75.89
IRIKKUR,11.98,75.55
ISAGARH,24.84,77.87
ISLAMNAGAR,23.36,77.42
ISRANA,29.27,76.86
ITAHAR,25.7528,88.14
ITAHARI,26.664,87.271
JABALPUR,23.21,79.96
JAFARPUR,28.59,76.91
JAFRABAD,20.86,71.3333
JAGANATH_PRASAD,19.9,84.6833
JAGATBALLAVPUR,22.67,88.12
JAGATSINGHPUR,20.23,86.18
JAGDALPUR,19.09,81.96
JAGDISHPUR,30.48,77.1
JAGESHWAR,29.63,79.85
JAGIROAD,26.25,92.36
JAGRAON,30.75,75.49
JAGTIYAL_AMFU,18.8383,78.9617
JAINTI,29.46,79.84
JAIPATNA,19.48,82.8
JAIPUR,26.8,75.8
JAIPUR_AMFU,26.9167,75.8667
JAISALMER,26.9,70.9167
JAISINGHNAGAR,23.69,81.38
JAJPUR,20.84,86.32
JAKHAMA,25.58,94.12
JAKHAU,23.25,68.6
JAKHOLI,30.39,78.89
JALALABAD,27.44,79.39
JALALABAD_PUNJAB,30.61,74.26
JALANDHAR,31.05,75.34
JALESAR,27.4567,78.29
JALGAON,21.37,75.31
JALNA,19.8333,75.87
JALOR,25.38,72.5
JALPAIGURI,26.5172,88.7328
JAMA,24.35,87.14
JAMANKIRA,21.53,84.38
JAMBUSAR,22.05,72.79
JAMKHANDI,16.51,75.26
JAMMU,32.72,74.85
JAMNER,20.8,75.77
JAMSHEDPUR,22.28,86.93
JAMSOLAGHAT,22.21,86.71
JAMTARA,23.97,86.8
JAMUI_AMFU,24.7647,86.3377
JANAKPUR,23.72,81.78
JANGAMESHWARAPURAM,16.4667,79.4333
JANGAON,17.72,79.17
JANJGIR,22.5833,82.13
JAORA,23.75,75.74
JARI,32.54,77.14
JASHPUR,22.7875,83.8473
JASPUR,29.27,78.83
JATARA,25,79.045
JAUNPUR,25.72,82.68
JAWALI,32.12,76.19
JAYAL,27.22,74.19
JAYAMKONDAM,11.21,79.36
JAYANTI,26.7,89.61
JAYGAD,17.17,73.13
JENAPUR,20.86,86.07
JEWAR,28.1322,77.56
JHABUA,22.76,74.59
JHADOL,24.41,73.47
JHAJJAR,28.5833,76.65
JHALAWAR,24.58,76.13
JHALDA,23.36,85.98
JHANDUTA,31.37,76.63
JHANJALI,31.52,77.72
JHANJHARPUR,26.32,86.9
JHANSI,25.43,78.57
JHANSI_ARG,25.44,78.57
JHARIBANDH,21.06,82.79
JHARIGAON,19.71,82.37
JHARNAPANI_AMFU,25.7564,93.84
JHARSUGUDA,21.89,84.03
JHUMKA,26.669,87.197
JHUMPURA,21.82,85.57
JHUNGI,31.42,77.09
JIRANIA,23.82,91.44
JIRIBAM,24.7864,93.1539
JOBAT,22.41,74.56
JODA,22.03,85.42
JODHPUR,26.3,73.0167
JODHPUR_AMFU,26.26,72.99
JOGINDAR_NAGAR,31.99,76.79
JOL,31.62,76.24
JOLLYGRANT,30.19,78.18
JONAI,27.83,95.3667
JORHAT_AMFU,26.7175,94.1833
JOSHIMATH,30.55,79.5667
JOSHIPUR,21.9333,86.06
JOWAI,25.4544,92.2069
JUJUMARA,20.23,84.13
JUNAGARH,21.5,70.44
JUNAGARH_AMFU,19.8333,82.94
JUNG,27.575,91.985
JUNNAR,19.2,73.86
JURALA_CWC,16.26,77.84
KADAMDEULI,23.09,86.86
KADAMTALA,24.44,92.2333
KADAPA_AIRPORT,14.51,78.77
KADIPUR,26.16,82.37
KADIRI,14.1267,78.1633
KAGINELE,14.6836,75.36
KAHALGAON,25.26,87.25
KAHU,31.2,76.78
KAILASHGIRI,17.74,83.34
KAIMGANJ,27.55,79.34
KAISERGANJ,27.25,81.55
KAITHAL_UKG,29.78,76.4
KAJALGAON,26.5225,90.4997
KAJIGOAN,26.21,90
KAKCHING,24.49,93.97
KAKDWIP,21.8667,88.1833
KAKEWAL,31.07,76.11
KAKINADA,16.96,82.23
KAKKANADU,10.0167,76.34
KAKKAYAM,11.55,75.92
KAKOPATHER,27.62,95.64
KALAGHATAGI,15.18,74.97
KALAMB,18.57,76.01
KALAMNURI,19.68,77.3
KALANAUR,28.91,76.16
KALATOP,32.03,76.02
KALAVAI,12.8117,79.4617
KALIMPONG,27.07,88.46
KALINGA,20.16,82.4
KALLAKURICHI,11.7333,78.95
KALOL,23.24,72.49
KALPA,31.32,78.1333
KALPI,26.8,79.45
KALSI_UKG ,30.53,77.84
KALWAN,20.48,74.02
KALWAKURTHY,16.6667,78.4889
KALYANDURG,14.55,77.11
KALYANI_AMFU,22.9686,88.4964
KAMAKHYANAGAR,20.93,85.54
KAMALPUR,24.1867,91.8278
KAMAREDDY,18.32,78.335
KAMPASAGAR,16.8533,79.4717
KAMREJ,21.28,72.97
KAMUDHI,9.4167,78.3833
KANABARGI,15.9,75.55
KANAKAPURA,12.555,77.4208
KANCHIPURAM_ISRO,12.8333,79.7017
KANDA,29.81,79.82
KANDAGHAT,30.58,77.05
KANDLA,23.15,70.2167
KANDUKUR,15.2167,79.9
KANGEYAM,11,77.56
KANGPOKPI,25.15,93.97
KANGRA,32.1,76.27
KANHIA,20.09,85.05
KANJIRAPUZHA,10.99,76.53
KANKADAHAD,21.06,85.57
KANKER,20.25,81.5
KANKIPADU,16.42,80.76
KANNAD,20.25,76.2967
KANNAUJ,27.03,79.92
KANNOD,22.66,76.74
KANPUR,26.4167,80.3667
KANPUR_DEHAT,26.3439,79.9675
KANTAMAL,20.65,83.75
KANTHAPADA,20.25,85.98
KAPKOTE,29.9333,79.9
KAPRADA,20.34,73.21
KAPTIPADA,21.51,86.52
KAPURTHAL_UKGA,31.39,75.36
KAPURTHAL_UKGA(SCIENCE_CITY),31.3167,75.3167
KARAD,17.27,74.18
KARAHAL,25.49,77.05
KARAIKAL,10.93,79.8417
KARANJA_G,21.16,78.41
KARANJIA,21.76,85.97
KARANJIA_MP,22.71,81.62
KARAULI,26.55,77
KARCHHANA,25.29,81.94
KARERA,25.45,78.14
KARIMGANJ_AMFU,24.8339,92.3833
KARIMNAGAR,18.46,79.11
KARJAN,22.05,73.11
KARJAT,18.97,73.04
KARMALA,18.9,75.19
KARNAL,29.42,76.57
KARNJA_LAD,20.29,77.29
KARJODA,24.2,72.46
KARNPRAYAG,30.25,79.21
KARUMANDURAI,11.82,78.62
KARUR,10.95,78.7
KASAULI,30.9044,76.96
KASBAH_KHATAULI,29.26,77.72
KASHINAGAR,18.8578,83.8808
KASHIPUR,29.21,78.95
KASIA,26.7489,83.9128
KASOL,31.36,76.86
KASYA,29.48,79.47
KATGHORA,22.5,82.55
KATHUA,32.38,75.52
KATIHAR,25.52,87.57
KATNI,23.74,80.32
KATWA,23.64,88.12
KAUL_AMFU,29.86,76.66
KAVALI,14.9167,79.995
KAWA,32.9022,75.1667
KAWADIMATTI,16.49,76.74
KAWARDHA,22.009,81.2243
KAWRTHAH,23.99,92.375
KAYAMKULAM,9.1767,76.5167
KAYATHAR,8.95,77.7667
KEERAMPARA,10.1,76.6672
KEIRI_AMFU,22.03,84.05
KENDRAPARA,20.52,86.43
KEOLARI,22.37,79.9
KEONJHAR_AMFU,21.61,85.56
KESHKAL,20.07,81.59
KESINGA,20.18,83.21
KEYLONG,32.34,77.02
KGF_(KOLAR),12.9333,78.25
KHACHROD,23.43,75.28
KHAGA,25.7592,81.1019
KHAIR,27.93,77.86
KHAIRAMAL,20.82,83.92
KHAJUWALA,28.7,72.59
KHALILABAD,26.78,83.1
KHAMBHALIYA,22.02,69.65
KHAMBHAT,22.31,72.61
KHAMMAM,17.25,80.13
KHANAPARA,26.1272,91.8211
KHANDAPARA,20.26,85.17
KHANDWA,21.81,76.37
KHANNA,30.71,76.19
KHAPRAKHOL,20.75,82.86
KHARAGPUR_AMFU,22.3153,87.3153
KHARAPATHAR,31.11,77.62
KHARGONE,21.82,75.62
KHARIBARI,26.55,88.19
KHARIHAR,20.2833,82.75
KHARKHODA,28.88,76.91
KHEJURI,21.8667,87.95
KHEKRA,28.8333,77.25
KHERAGARH,27.1,77.5
KHETRI,26.11,92.07
KHINJARSARAI,24.96,85.6
KHIRKIYA,22.17,76.86
KHLERIAT,25.36,92.36
KHOWAI,24.0669,91.6142
KHOWANG,27.31,94.87
KHUDWANI,33.72,75.09
KHUPA,28.0667,96.4939
KHURAI,24.04,78.33
KHURDAH,20.25,85.82
KHURJA,28.23,77.87
KHUSINAGAR,26.8333,83.9333
KIIT_COLLEGE_BHUBNESHWAR,20.3553,85.8153
KINWAT,19.5833,78.1
KIPHIRE,25.8858,94.7847
KIRMIRA,21.87,84.17
KISHANKOT,31.68,75.4
KNUAGAON,20.13,84.01
KODANGAL,17.1,77.66
KODERMA,24.4394,85.5342
KODINAR,20.8,70.6833
KOHIMA,25.65,94.1167
KOHIMA_ARG,25.72,94.09
KOIDA,17.48,81.38
KOKHRAJ,25.3333,81.2833
KOKILABARI,26.75,91.19
KOKRAGHAR,26.4692,90.29
KOLABIRA,21.8,84.17
KOLASIB_AMFU,24.2078,92.6756
KOLEBIRA,22.7089,84.695
KOLHAPUR_AMFU,16.6733,74.2378
KOLKATA,22.6667,88.45
KOLLAPUR,16.1,78.32
KOLLIDAM,11.33,79.72
KOLLIMALAI,11.28,78.33
KOMARADA,18.9,83.46
KOMARAPALAYAM,11.44,77.72
KOMNA,20.5,82.67
KONCH,25.99,79.14
KONDAGAON,19.58,81.66
KONNI,9.23,76.87
KOPARKHAIRANE,19.1,72.99
KOPERGAON,19.8758,74.4828
KOPPAL,15.2,76.1
KORAI,20.9333,86.17
KORAPUT,18.81,82.71
KORBA,22.37,82.7331
KORIYA,23.2833,82.56
KORWAI,24.13,78.04
KOSAGUMUDA,19.27,82.84
KOSLI,28.4,76.48
KOTA,25.12,75.93
KOTAGARH,19.83,83.72
KOTDWAR_UKG,29.74,78.52
KOTHIPURA,31.28,76.77
KOTI_UKG,30.45,77.94
KOTKHAI,31.1169,77.5331
KOTMA,23.19,81.97
KOTSHILA,23.43,86.08
KOTTARAKKARA,9,76.7167
KOVILPATTI,9.205,77.895
KOZHIKODE,11.26,75.77
KRISHNAGAR,23.4086,88.4864
KUCHINDA,21.74,84.34
KUDAVASAL,10.85,79.48
KUDLU_AFMU,12.65,74.96
KUFRI,31.1,77.27
KUJANG,20.32,86.52
KUKATPALLY_JNTU,17.4958,78.3908
KUKSHI,22.2,74.74
KUKUMSHERI,32.6833,76.69
KULGAM_AMFU,33.6447,74.9433
KULITHAL_UKGAI,10.94,78.42
KULPAHAR,25.3128,79.64
KUMARAKOM_AFMU,9.62,76.42
KUMARGHAT,24.17,92.1
KUMARSAIN,31.1333,77.5167
KUMBHALGARH,25.12,73.6
KUMBH_ALLAHABAD_UNIV,25.46,81.85
KUMBH_DPS,25.39,81.89
KUMBH_GB_PANT,25.42,81.91
KUNARAM,18.54,79.54
KUNDA,25.72,81.5
KUNDAH_BRIDGE,11.38,76.8
KUNDAHIT,23.79,87.15
KUNDAM,23.21,80.34
KUNDARGI,16.24,75.54
KUNIGAL,13.02,77.03
KUPPAM,12.75,78.33
KURTHA,25.12,84.8
KURUD,20.82,81.71
KURUDDMANNIL,9.34,76.73
KURUKSHETRA,29.58,76.51
KUTARWALI,26.29,77.54
KUTCH_MANDVI,22.8167,69.2667
KUTIYANA,21.62,69.98
KUTRAGADA,19.61,83.55
KVK__KATTUPAKKAM,12.8167,80.0333
K_R_PET,12.65,76.4878
LAHAN,26.734,86.474
LAHAR,26.19,78.94
LAHARIGHAT,26.42,92.33
LAHUNIPARA,21.88,84.94
LAKHANPUR_UKG,21.76,83.77
LAKHIMPUR,27.3667,94.15
LAKHIPUR,24.79,93
LAKHNADON,22.61,79.61
LAKSHISARAI,25.185,86.1
LALA,24.56,92.61
LALGANJ,25.79,82.99
LALGANJ(MIRZAPUR),25,82.36
LALITPUR,24.68,78.4
LALPET,11.29,79.54
LALPUR,22.18,69.96
LAMSANG,24.82,93.85
LAM_AMFU,16.3783,80.4333
LANGIGARH,19.8,83.4
LANKA,25.92,92.95
LARJI,31.43,77.13
LARNOO,33.62,75.38
LATERI,24.05,77.4
LATUR,18.4,76.56
LAVALE,18.53,73.73
LEH,33.9783,77.6994
LENGPUI,23.84,92.62
LEO,31.651,78.4752
LIKERA,21.88,84.21
LILIYA,21.53,71.36
LILONG,24.68,93.94
LIMBADITGAON,22.17,75.57
LMOIS__KOLAPAKKAM,13,80.1333
LODHIKA,22.13,70.63
LOHAGHAT,29.4,80.09
LOHARDAGA,23.5381,84.8164
LOHARU,28.43,75.8
LONAR,19.98,76.52
LONGDING,26.8869,95.3219
LORMI,22.27,81.68
LOWER_KOTHAIYAR,8.5,77.3
LOWNGTLAI,22.5056,92.895
LUCKNOW,26.8667,80.9167
LUDHIYANA,30.55,75.51
LUNGLEI,22.9522,92.9328
MACHHLISHAHAR,25.68,82.41
MADAKASIRA,13.94,77.31
MADANPUR,20.19,83.61
MADHABARIDA,19.55,84.38
MADHAVARA(NICE),13.0428,77.4758
MADHAVARAM_AMFU,13.1533,80.2633
MADHEPURA,25.92,86.8
MADHIRA,16.9236,80.3686
MADHOPUR,26.75,84.68
MADHUGIRI,13.66,77.2
MADIKERI,12.42,75.73
MADURAI_ISRO,9.955,78.205
MAGADI,12.9669,77.18
MAGARPATTA_PUNE,18.55,73.92
MAHABALESHWAR,17.9247,73.6603
MAHALAXMI,18.98,72.81
Nandyal,15.46,78.62
MAHANGA,20.5,86.1
MAHASAMUND,21.1031,82.0831
MAHASHPUR,24.4844,87.77
MAHBUBNAGAR,16.75,77.99
MAHENDRAGARH_AWS,28.1,76.1
MAHINDRAGARH_ARG,19.13,84.1333
MAHISAPAT_AMFU,20.61,85.58
MAHOBA,25.17,79.51
MAHRAJGANJ,27.14,83.53
MAHUA_TEA_ESTATE,26.81,89.36
MAHURANA,30.48,75.9517
MAHUVA,21.0667,71.7667
MAHWA,27.03,76.91
MAILAM,12.1317,79.6167
MAINADI,27.833,83.416
MAINAGURI,26.57,88.93
MAINPAT,22.78,83.34
MAINPURI,27.22,79.03
MAIRANG,25.55,91.62
MAJHAULI,24.13,81.61
MAJHGAWAN,22.67,81.76
MAJHIAN_AMFU,25.3128,88.765
MAJHOULI,31.02,76.64
MAKRANA,27.03,74.75
MAKTAMPUR,21.6833,73.01
MALAN,32.12,76.42
MALANGPURA,33.8892,74.9808
MALANJKHAND,22.04,80.71
MALANOOR,16.44,76.45
MALAVALLI,12.3828,77.0589
MALBAZAR,26.86,88.74
MALEGAON,20.5692,73.6889
MALGUND,17.1,73.16
MALIHALABAD,26.92,80.7119
MALKANGIRI_AMFU,18.3333,81.88
MALPUR,24.8,85.04
MALRAUN,31.32,76.58
MALYAL,17.55,79.96
MAMIT,23.9464,92.4897
MANAKPUR,27.05,82.14
MANALMEDU,11.26,79.6
MANAMADURAI,9.7167,78.4667
MANANTHAVADY,11.79,76
MANAPARAI,10.6,78.42
MANASA,24.99,75.93
MANAVADAR,21.49,70.13
MANDI,31.43,76.57
MANDIRADAM,22.2619,84.6489
MANDKOLA,28.1,77
MANDLA,22.5833,80.2833
MANDRAYAL,26.3,77.24
MANDSOUR,24.06,75.1
MANGALDAI,26.4328,92.0283
MANGALORE,12.94,74.82
MANGAN,27.5,88.53
MANGKOLEMBA,26.5,94.43
MANGROL,21.12,70.11
MANIGACHI,26.34,86.72
MANIHARAN,29.8133,77.45
MANIKARAN,32.16,77.1
MANIKPUR,26.47,90.8
MANIMUTHAR_DAM,8.65,77.4167
MANJESWARAM,12.72,74.89
MANKARA,10.77,76.6833
MANOHAR_THANA,24.2319,76.81
MANORA,20.23,77.34
MANPUR,23.77,81.12
MANSA,30.1333,75.41
MANSA_ARG,23.42,72.65
MANTRALAYAM,15.93,77.42
MAPUSA,15.59,73.81
MARCHO,24.34,85.35
MARGHERITA,27.29,95.66
MARIAHU,25.6,82.6
MARMAGOA,15.41,73.78
MARSHAGHAI,20.42,86.47
MARUTERU,16.6467,81.7633
MASHOBRA,31.1167,77.2167
MASSOURI,30.48,78.05
MATELA,29.62,79.62
MATH,27.64,77.7067
MATHABHANGA,26.32,89.21
MATHURA,27.5,77.6667
MATIJURI,24.65,92.6
MATTANUR,11.91,75.56
MAU,25.92,83.56
MAUDAHA,25.69,80.11
MAUGANJ,24.66,81.87
MAURANIPUR,25.15,79.8
MAU_ARG,25.26,81.37
MAVATTUPUZAH,9.99,76.56
MAWANA,29.11,77.93
MAWKYRWAT,25.36,91.48
MAZBAT,26.78,92.99
MC_AHEMADABAD,23.07,72.52
MECHUKA,28.4,94.1
MEDAK,18.05,78.27
MEDCHAL,17.63,78.47
MEDZIPHEMA,25.75,93.87
MEENAMBAKKAM_ISRO,12.99,80.1983
MEENANGADI,11.66,76.16
MEENKARA,10.61,76.79
MEERUT,29.02,77.75
MEHADRIGADDA_DAM,17.75,83.19
MEHAM,28.8506,76.11
MEHASANA,23.5833,72.4
MEHASI,26.36,85.06
MEHDAWAL,26.58,83.6
MEKHLIGANJ,26.34,88.9
MELUR,10.03,78.33
MELURI,25.68,94.63
MHERMA,25.2,87.36
MHOWGAON,22.57,75.74
MIAO,27.4861,96.205
MILKIPUR,26.62,81.94
MINENG,25.2,90.32
MINICOY,8.3,73.15
MIRA_ROAD,19.28,72.86
MIRDHA,25.8711,84.1281
MNK_GUNG,23.865,90
MOGA,30.7561,75.1631
MOHALA,20.57,80.74
MOHALI,30.7,76.71
MOHAMMADABAD_GAJIPUR,25.62,83.75
MOHAMMADABAD_MAU,26.0278,83.375
MOHANA,19.43,84.26
MOHANLALGANJ,26.68,80.98
MOIRANG,24.49,93.78
MOKOKCHUNG,26.3261,94.5383
MOORANG,31.36,78.27
MORAN,27.31,94.87
MORENA,26.4772,77.9867
MORIGAON,26.2394,92.2939
MORSHI,21.2833,78.01
MOTH,25.43,78.56
MOTI_NAROLI,21.4,72.96
MOUNT_ABU,24.5869,72.7036
MUDHOLE_BASAR,18.97,77.9
MUGAD,15.43,74.91
MUKERIAN,31.94,75.305
MUKTANGAN,18.53,73.83
MUKTESHWAR,29.4667,79.65
MUKTO,27.5939,91.8625
MUKTSAR,30.45,74.51
MUKUTMONIPUR,22.9567,86.79
MULDE,16.0128,73.7167
MULTAI,21.77,78.25
MULUGU,18.19,79.9378
MUMBAI_COLABA,18.8978,72.8128
MUMBAI_SANTA_CRUZ,19.1167,72.85
MUNDALI,20.43,85.77
MUNGAOLI,24.4,78.11
MUNGELI,22.09,81.75
MUNGER,25.37,86.48
MUNGESHPUR,28.81,76.97
MUNIGUDA,19.62,83.49
MUNIRABAD,15.2975,76.3147
MUNNAR,10.0833,77.0567
MUNSYARI,30.0667,80.2369
MURJHAD,21.79,80.05
MURLIGANJ,25.88,86.99
NEW TEHRI_UKG,30.37,78.43
BHIMTAL_UKG,29.34,79.55
KALAVACHARLA_KVK,17.13,81.9
MURTIZAPUR,20.73,77.3561
MURUD,18.3311,72.9544
MUSHALPUR,26.5847,91.9167
MUSSOORIE(UKG)_UKG,30.45,78.07
MUTHUPETTAI,10.4,79.49
MUZAFFARPUR,26.03,85.14
MUZAFFARPUR_ICAR,26.09,85.44
NABHA,30.39,76.19
NACHU,28.3931,93.8361
NADOTI,26.705,76.7158
NAGARJUNA_SAGAR,16.5858,79.3128
NAGAUR,27.1333,73.78
NAGERCOIL,8.1667,77.4167
NAGPUR,21.1,79.05
NAGPUR_KVK,21.1,79.05
NAGRI,20.35,81.9558
NAGTHAT_UKG,30.57,77.97
NAHAN,30.5599,77.2955
NAHARKATIA,27.29,95.3
NAHARLAGUN,27.1,93.6
NAINITAL_UKG,29.36,79.46
NAINPUR,22.43,80.1
NAINWAN,25.76,75.85
NAJAFGARH,28.63,77
NAKODAR,31.12,75.56
NAKTIDEVL,21.24,84.53
NALBARI,26.2719,92.5236
NALGONDA_ARG,17.04,79.28
NAMAKKAL,11.1767,78.18
SEHORE_AGRO,23.2,77.08
NAMCHI,27.1642,88.3964
NAMSAI,27.6619,95.8631
NAMTHANG,27.16,88.47
NANDED,19.03,73.17
NANDIGAMA,16.76,80.28
NANDURBAR,21.37,74.23
NANDYAL,15.48,78.4933
NANGNOOR,17.34,78.59
NANGOLKOT,23.1694,91.1977
NANPARA,27.8489,81.5122
NARASARAOPET,16.02,80.04
NARAYANGARH,30.4467,77.12
NARAYANKHED,18.04,77.78
NARAYANPUR,19.6833,81.6833
NARELA,28.8,77.4
NARENI,25.18,80.47
NARGUND,15.7167,75.3856
NARKANDA,31.1508,77.2747
NARKHED,21.29,78.32
NARLA,20.06,83.38
NARNAUL,28.0508,76.1272
NARSAPUR,16.4333,81.7
NARSINGGARH,23.6833,77.1
NARSINGHPUR,22.94,79.22
NARSINGHPUR_ARG,20.4561,85.075
NARVANA,29.59,76.13
NARWAR,24.8344,77.87
NASARULLAGANJ,22.68,77.27
NASIK,20.0219,73.6889
NATHAM_ISRO,10.2467,78.2233
NAUNI,30.8992,76.96
NAUTANWA,27.4389,83.4228
NAVAPUR,21.16,73.79
NAVASARI,20.92,72.89
NAWABGANJ,28.53,79.63
NAWADA,24.87,85.53
NAWAGARH,21.83,82.64
NAWANSHAHAR,31.13,76.12
NAWAPADA,20.8167,82.55
NAWARANGPUR,19.25,82.54
NAYAGARH,20.12,85.08
NAYA_RAIPUR,21.1589,81.88
NAZIRA,26.92,94.73
NCMRWF,28.6217,77.3533
NDA_PUNE,18.47,73.78
NEELESWARAM,10.18,76.46
NEEMDIH,23.04,86.1
NEEMUCH,24.4764,74.8624
NEEM_KA_THANA,27.72,75.78
NEHRI,31.87,76.78
NEINDAWN_VILLAGE,23.5,93.24
NELLORE,14.445,80.0133
NEPANAGAR,21.43,76.37
NERUL,19.0092,73.0203
NERYAMANGALAM,10.05,76.77
NEVELI,13.96,75.56
NEW_DELHI,28.6167,77.1667
NEW_HARFUD,21.96,76.68
NEYVELI,11.62,79.545
NEYYOOR,8.1933,77.285
NGUR_VILLAGE,23.53,93.37
NIALI,20.13,86.06
NIGHASAN,28.2378,80.8611
NILAKOTTAI,10.15,77.85
NILAMBUR,11.28,76.23
NILANGA,18.12,76.74
NILGIRI,21.46,86.77
NILKUND,14.4484,74.6927
NILOKHERI,29.83,76.93
NIMPARA,20.05,86.1
NIMPITH,22.1667,88.45
NIPHAD,20.0719,75.1033
NIRMAL,19.09,78.34
NIRMAND,31.3333,77.57
NISCHINTAKOILI,20.48,86.18
NIWAS,23.04,80.44
NIZER,21.47,74.19
NOHAR,29.19,74.78
NONGSTOIN,25.5219,91.265
NORTH_PARAVUR,10.14,76.22
NUAGADA,19.09,84.04
NUH,28.84,76.9967
NURPURBEDI,31.17,76.4797
NUZVID,16.8119,81.0106
NYAPIN,27.7481,93.3892
ODAGAON,20.01,84.97
OLD_GOA,15.48,73.92
OLINDA,31.41,76.41
OLPAD,21.33,72.75
OOTY_AMFU,11.3967,76.6617
ORATHANADU,10.61,79.25
OSIA,26.72,72.9
OSMANABAD,18.11,76.02
OYAN,27.88,95.31
PACHPEDWA,27.55,82.64
PADAMPUR_BARGARH,21.72,85.58
PADAMPUR_KEONJHAR,20.73,83.81
PADINJARATHARA_DAM,11.67,75.96
PAGLAM,27.8911,95.5219
PAHALGAM,34.02,75.32
PAITHAN,19.4,75.2833
PAIYUR_AMFU,12.3933,78.2317
PAKHANJORE,20.03,80.62
PAKUR,24.5067,87.8264
PALACODE,12.29,78.07
PALAKONDA,18.59,83.76
PALAMPUR,32.0553,76.3253
PALANPUR,24.17,72.43
PALASA_MANDAL,18.77,84.4058
PALEM,16.5317,78.2633
PALGHAR,19.73,72.76
PALI,25.79,73.2833
PALIAKALAN,28.4,80.5833
PALIN,27.695,93.63
PALITANA,21.51,71.82
PALI_ARG,23.35,81.04
PALSAGUDA,20.73,83.81
PALWAL,28.13,77.33
PAMPOLI,27.3169,93
PANCHGANI,17.56,73.5
PANCHKULA,30.67,76.98
PANCHTARNI,34.0333,75.3333
PANDARIA,22.22,81.4
PANDIRIMAMIDI_HRS,17.42,81.79
PANDUKESHWAR_UKG,30.63,79.54
PANDU_PINDARA,29.18,76.22
PANHALA,16.81,74.11
PANIPAT,29.35,76.97
PANNA,24.73,80.21
PANNIYOOR,12.08,75.35
PANTNAGAR,29.02,79.48
PAONTASAHIB,30.4453,77.6021
PAPPIREDDI,11.92,78.36
PARALAKHEMUNDI,18.7783,84.0937
PARALIVAIJANATH,18.84,76.51
PARBHANI,19.23,76.79
PARDI,20.5,72.94
PARGI,17.18,77.87
PARJANG,20.915,85.3119
PARNER,19,74.26
PARTUR,19.58,76.21
PASHAN(AGRO)_ASTRA,18.53,73.8
PASHAN,18.53,73.8
PASHAN_SUTRON,18.5167,73.85
PASSIGHAT,28.1,95.3667
PATAN,23.86,72.13
PATAS,18.41,74.44
PATHAL_UKGGAON,22.55,83.48
PATHANKOT,32.28,75.65
PATHARUGHAT,26.42,91.89
PATHSALA,26.5,91.14
PATI ,29.4,79.93
PATIALA,20.34,76.31
PATIYALI,27.69,78.99
PATNA,25.01,86
PATNAGARH_LAHSINGHA,20.71,83.12
PATNAGARH_NGO,20.6833,83.13
PATRATU,23.44,85.84
PATTAPARTHI,14.17,77.81
PATTI,25.92,82.2
PAUNI,20.7831,79.6331
PAVAGADDA,14.03,77.27
PAWAI,24.26,80.16
PECHIPARAI_AMFU,8.44,77.305
PEDDAPURAM,17.0717,82.165
PEDDAVADUGUR,15.01,77.66
PEDONG,27.15,88.62
PEERMADE,9.58,77.01
PEHOWA,29.98,76.57
PEMAGATSHEL,27.031,91.422
PEN,18.44,73.5833
PERAMBALUR,11.2417,78.8933
PEREN,25.5631,93.6722
PERIAKULAM,10.1467,77.5883
PERINGALKUTHU,10.31,76.63
PERINGAMALA,8.75,77.04
PERIYA_KALAPET,12.0333,79.85
PERNEM,15.71,73.79
PERUMALLAPALLE,13.6283,79.3633
PERUMKADAVILA,8.44,77.11
PERUNDURAI,11.27,77.78
PERUR,18.53,80.39
PERUVANNAMUZHI,11.61,75.82
PETLAWAD,23,74.79
PETLURU_HRS,13.95,79.62
PFUTFERO,25.57,94.3
PHALTAN,17.98,74.43
PHEK,25.7133,94.4669
PHILLAUR,31.1672,75.79
PHIRANGIA,22.3333,84.12
PHOOLPUR,26.09,82.86
PHUENTSHOLING_BHUTAN,26.86,89.393
PIDUGURALLA,16.4819,79.8897
PILAHARA,22.42,85.19
PILANI,28.3333,75.58
PILIBHIT,28.65,79.8
PILICODE,12.2,75.1667
PIMPALNER,20.9333,74.1667
PINDRA,25.87,82.24
PIPALDA,25.55,76.75
PIPLI,20.29,85.94
PIPLU,26.3,75.71
PIPRADAH,25.17,82.5833
PISAGAN,26.29,74.37
PITAMPURA,28.6833,77.1333
PITHORA,21.21,82.49
PITHORAGARH,29.57,80.23
POCHAMPALLI,12.32,78.36
PODALAKUR,14.375,79.73
POKHARI,30.34,79.19
POKRAN,26.92,71.91
POLADPUR,17.59,73.28
POLLACHI,10.66,77
POOH,31.58,78.2833
POOKOT,11.53,76.02
POONJAR,9.67,76.8
POONAMALLEE,13.05,80.0833
POREYAHAT,24.5689,87.17
POROMPAT,24.8067,93.9603
PORT_BLAIR,11.6667,92.7167
POWARWADI(BHAMBHED),16.49,73.37
PRATAPGARH,24.03,74.76
PRATHIPADU,17.2308,82.1878
PRATTIPADU,16.17,80.33
PRITHVIPUR,24.32,82.27
PUDUCHERRY,11.9517,79.8267
PUDUKOTTAI,10.4833,78.8
PULIVENDULU,14.42,78.22
PUNASA,22.23,76.38
PUNDIBARI_AMFU,26.3167,89.3869
PUNGRO,25.81,94.84
PUPARI,26.54,85.72
PURANKOT,20.64,84.83
PURANPUR,28.5,80.14
PURI,19.8,85.83
PURNA,19.17,77.03
PUROLA,30.86,78
PURULIA,23.3397,86.3514
PURUSHOTTAMPUR,19.9,85.8
PUSA,28.64,77.16
PUSAD,19.58,77.3333
PUSA_BIHAR(AGRO),25.98,85.66
PUZHAL,13.15,80.1833
P_N_PALAYAM,11.15,76.94
R.K.PET,13.15,79.4167
RADDEWADGI,17.04,76.8
RADHANAGRI,16.24,73.59
RADHANPUR,23.83,71.61
RADHAPURAM,8.2669,77.6689
RAGBANGPUR,22.17,84.58
RAGUNATHPUR,20.36,86.1333
RAHA,26.22,92.05
RAHALI,23.64,79.06
RAHURI,19.3664,74.6436
RAICHUR_AMFU,16.18,77.32
RAIDIGHI,21.5,88.35
RAIGANJ,25.6236,88.1367
RAIGARH,21.88,83.4
RAIGARH___ORISSA,19.88,82.07
RAIKIA,20.05,84.23
RAIKOT,30.65,75.55
RAILMAGARA,25.02,73.11
RAIPUR,21.2167,81.6667
RAIPUR_ARG,26.1,74.02
RAIPUR__AMFU,21.23,81.6833
RAIRAKHOL,21.07,84.33
RAISEN,23.34,77.77
RAIWALA_UKG,30.03,78.21
RAJAHMUNDRY,17.1003,81.6239
RAJAM,18.6,84.23
RAJAPALAYAM,9.4667,77.55
RAJAPUR,23.569,90.141
RAJAULI,24.64,85.49
RAJENDARNAGAR_AMFU,17.3417,78.34
RAJGARH,24,76.73
RAJGARH_ARG,30.83,77.3
RAJGARH_CHURU,28.63,75.38
RAJGHAT,21.47,83.53
RAJGURUNAGAR,18.5167,73.85
RAJHANI,32.3681,75.5456
RAJIVBHAVAN,20.26,85.82
RAJKISHORNAGAR,20.96,84.46
RAJKOT,22.3,70.7667
RAJNAGAR,24.87,79.91
RAJNANDGAON,21.1,81.0339
RAJOURI_ARG,33.39,74.34
RAJPIPLA,21.86,73.52
RAJPURA,30.43,76.6
RAJPURA_MANDI,33.8,74.26
RAJSAMAND,25.0286,73.89
RAJULA,22.04,71.46
RAJURA,19.47,79.22
RAMACHANDRAPURAM,17.5,78.56
RAMANUJGANJ,23.81,83.69
RAMBAGH,34.0508,74.8044
RAMBHA,19.5,85.0667
RAMGANJ_MANDI,24.69,75.93
RAMGARH,23.61,85.52
RAMGARH_JAISALMER,27.36,70.49
RAM_MANDIR,28.64,77.38
RAMNAGAR_UKG,29.39,79.11
RAMPUR,28.82,79.03
RAMPUR_HP,31.44,77.62
RAMPUR_SIDHI,24.34,81.46
RAMSAR,25.72,70.88
RAMSHAR,31.08,76.79
RAMTEK,21.23,78.19
RANAVAV,21.36,69.75
RANCHI,23.3167,85.3167
RANCHI_AMFU,23.4444,85.3161
RANCHI_ARG,23.32,85.52
RANGIA,26.75,91.63
RANIKHATA,26.64,90.37
RANIKHET,29.64,79.42
RANITAL,21.13,86.57
RANIWARA,24.74,72.2
RANI_CHAWRI,30.2,78.5167
RANPUR,22.3333,71.17
RANTUR,20.05,85.33
RASHAMI,25.05,74.34
RASIPURAM,11.45,78.19
RASRA,25.86,83.86
RASULABAD,26.45,80.28
RATANGARH,24.84,75.0167
RATH,25.35,79.34
RATIA,29.6672,75.56
RATLAM,23.4439,75.0061
RATNAGIRI,16.9858,73.3283
RATTIHALLI,14.42,75.5
RATUA,25.21,87.92
RAUNI,30.3333,76.27
RAVANGLA,27.29,88.35
REAMOL,21.36,84.65
REASI,33.08,74.83
RECKON,31.32,78.16
REIEK,23.7,92.6
REMUNA,21.52,86.88
RENGALI,21.26,85.02
RENI,27.17,76.73
RENTACHINTALA,16.55,79.55
REODAR,24.62,72.53
REPALLE,16.0333,80.85
RESUBELAPARA,25.89,90.6
REWA,24.5,81.2833
REWA_KVK,24.5,81.2833
RISHIKESH,30.11,78.28
RITHI,23.91,80.14
ROHRU,31.2,77.74
ROHTAK,28.88,76.62
ROING,28.1431,95.8469
RONGARA,25.19,90.78
ROORKEE,29.84,77.92
ROSERA,25.98,86.92
RUDAULI,26.55,81.44
RUDRAPUR,28.98,79.4
RUDRA_PRAYAG,30.3167,78.9667
RUDRUR,18.58,77.875
RUPNAGAR,30.975,76.5169
R_S_PURA,32.61,74.74
R_UDAIGIRI,19.16,84.14
SADABAD,27.44,78.3
SADALPUR,29.2833,75.45
SADULSHAHAR,29.9067,74.17
SAFDARJUNG,28.5833,77.2167
SAFIDON,29.39,76.65
SAFIPUR,26.73,80.35
SAGAR,23.83,78.69
SAGAR_ISLAND,21.75,88.05
SAGWADA,23.66,74
SAHABAD,27.38,79.57
SAHABAD_HARYANA,30.17,76.86
SAHADA,25.21,74.25
SAHASPUR_UKG,30.39,77.8
SAHEBGANJ,24.9802,87.6186
SAIDPUR,25.53,83.22
SAIDPUR_AIRPORT,25.763,88.909
SAIFAI,26.95,78.96
SAIHA,22.4942,92.9989
SAIL_VISAKHAPATINAM,17.66,83.16
SAINIK_SCHOOL,24.86,93.97
SAINJ,31.46,77.22
SAINJ_ARG,31.77,77.31
SAINTALA,20.44,83.34
SAIPAU,26.81,77.77
SAKALDIHA,25.35,83.25
SAKOLI,21.06,79.98
SAKRI,21.0331,74.24
SAKTI,22.02,82.97
SALBHATA,20.97,83.54
SALEMPUR,26.18,83.55
SALEPUR,20.47,86.1
SALERN,31.5833,75.98
SALON,26.0217,81.4567
SALWAN_PUBLIC_SCHOOL,28.61,77.34
SAMANA,30.15,76.2
SAMARALA,30.78,75.84
SAMASTIPUR,25.68,86.0667
SAMBA,32.5703,75.1203
SAMBA_ARG,32.56,75.11
SAMBHAL,28.58,78.58
SANDHOLE,31.86,76.66
SANDILA,27.06,80.49
SANGAREDDY_AMFU,17.62,78.075
SANGLA,31.25,78.16
SANGOLA,17.4,75.1
SANGRIA,29.79,74.45
SANGRUR,30.12,75.89
SANKARANKOIL,9.1667,77.5333
SANKHEDA,22.17,73.57
SAPUTARA,20.57,73.74
SARABAI,32.06,77.09
SARAHAN,30.71,77.19
SARAIPALI,21.31,82.98
SARANGGARH,21.58,83.08
SARANGPUR,23.5731,76.4794
SARDHANA,29.13,77.62
SAROTRA_ROAD,24.37,72.59
SARUPATHAR,26.22,93.86
SASARAM,24.9333,84
SASE_CHANDIGARH,30.6833,76.9
SATAKHA,25.92,94.43
SATARA,17.6881,74.0264
SATHYABAMA__UNIVERSITY,12.8667,80.2
SATNA,24.57,80.82
SATTANKULAM,8.4333,77.9
SATYAPADI,19.9,85.8
SAUSAR,21.66,78.8
SAVARDE(GOLWANE),17.23,73.29
SAVARKUNDLA,21.32,71.71
SAWAI_MADHAVPUR,26.07,76.37
SECHU,25.7,94.0333
SEETHATHODE,9.32,76.97
SEHORE_AMFU,23.18,77.06
SENAPATI,25.27,94.0206
SENDHWA,21.68,75.09
SENTHURAI,11.24,79.18
SEOBAGH,31.5858,77.0747
SEONI,22.0683,79.5489
SEONI_MALWA,24.0067,77.34
SEPPA,27.3175,93.0042
SERAIKELA,22.7,85.9333
SERCHIP,23.3408,92.8464
SERILINGAMPALLY,17.46,78.32
SHADNAGAR,17.07,78.2
SHAHABAD,27.38,79.57
SHAHABAD_ARG,25.25,77.1628
SHAHADA,21.33,74.28
SHAHAPUR,19.22,73.01
SHAHAPURA,23.18,80.69
SHAHDOL,23.28,81.33
SHAHERA,22.94,73.63
SHAHPUR,32.2161,76.1689
SHAHUWADI,16.9,73.94
SHAJPUR,24.43,76.26
SHAMA,30,80.02
SHAMLI,29.45,77.34
SHAMSHABAD,17.22,78.41
SHAR,13.7,80.2167
SHEGAON,20.48,76.41
SHEKHAMPORE,23.81,87.59
SHEOHAR,26.51,85.28
SHEOPUR,25.67,76.89
SHESHNAG,34.09,75.4833
SHEVGAON,19.3472,75.2183
SHIKARIPARA,24.23,87.47
SHILLONG,25.5658,91.8597
SHILLONGANI_AMFU,26.3639,92.6425
SHIMALA_CPRI,31.1,77.17
SHIRALA,16.98,74.13
SHIRDI,19.7617,74.4544
SHIRPUR,21.35,74.88
SHIRUR,19.12,76.14
SHIVAJINAGAR_PUNE,18.73,73.84
SHIVPURI,25.3917,77.6033
SHOPIAN,33.5872,74.8722
SHRIGONDA,18.62,74.69
SHYAMAKHUNTA,21.93,86.68
SIBSAGAR,26.3333,92.65
SIDDAPURA,13.66,74.91
SIDDIPET,18.09,78.85
SIDHARTHNAGAR,27.27,83.07
SIDHAULI,27.28,80.83
SIDHI,24.41,81.86
SIHORA,23.48,80.1
SIHUNTA,32.18,76.05
SIKANDRA,26.37,79.62
SIKANDRA_RAO,27.69,78.36
SIKAR,27.58,75.13
SILAPATHER,27.58,94.71
SILCHAR,24.8056,92.7889
SILIGURI,26.4772,88.43
SIMALWARA,23.57,73.75
SIMILIDUDA,18.01,82.01
SINAPALLI,20.09,82.63
SINDEWAHI,22.2833,79.67
SINGRAULI,24.07,82.61
SINOR,21.91,73.33
SIPAYA,26.58,84.38
SIRATHU,25.65,81.32
SIRMOUR,24.83,81.36
SIROHI,24.88,72.87
SIRSA,29.54,75.04
SIRSI,14.6111,74.8461
SIRSI_AMFU,14.6,74.84
SIRUGUPPA,15.6319,76.9106
SITAMARHI,26.5378,85.5178
SITAMAU,22.45,75.47
SITARGANJ,28.9258,79.41
SIVAKASI,9.1667,77.7833
SIWAN,26.21,84.3333
SIWANI,28.92,75.61
SOHAGPUR,22.6961,78.1939
SOHELA,21.2833,83.38
SOHRA(CHERRAPUNJEE),25.26,91.73
SOLAPUR,17.2,75.9
SOMESHWAR,29.78,79.61
SOMPURA_(NICE),12.8822,77.4953
SONAMUKHI,23.4964,87.4131
SONAMURA,23.4844,91.27
SONARI,27.03,95.0167
SONBARSA,26.83,85.81
SONHAT,23.48,82.52
SONIPAT,28.99,77
SONITPUR_AMFU,26.44,89.94
SONPETH,19.03,76.47
SORENG,27.19,88.16
SORO,20.27,86.69
SPORTS_COMPLEX,28.66,77.31
SRIGANGANAGAR_AMFU,29.93,73.88
SRIJANGRAM,26.38,90.7
SRINAGAR,34.1497,74.8822
SRINAGAR_ARG,30.22,78.77
SRISAILAM_DAM,16.0733,78.8687
SRI_MADHOPUR,27.4369,75.6
ST_JOSEPH_PUNE,18.53,73.81
SUJANPUR_TIRA,31.83,76.05
SULTANPUR,26.25,82
SULTANPURLODHI,31.21,75.19
SULYA,12.55,75
SUMDHO,31.5,76.2833
SUNDERNAGAR,31.54,76.9
SUNNI,31.14,77.06
SUPAUL,26.13,86.63
SUPLONG,28.0461,96.5681
SURADA,19.75,84.43
SURAJPUR,23.21,82.87
SURAT,21.1439,72.75
SURENDRANAGAR,22.73,71.62
SURI,23.9119,87.5228
SURYAPET_ARG,17.14,79.6219
SUSNER,23.94,76.09
SUTTUR,12.1333,76.8
SWAMPATNA,21.63,85.88
SWARGHAT,31.23,76.71
TADIPATRI,14.9,77.99
TAKULA ,29.74,79.68
TALBEHAT,25.0443,78.4311
TALEGAON,18.33,73.79
TALEGAON_ARG,18.67,74.14
TALODA,21.5667,74.2167
TAMENGLONG,24.9917,93.5
TAMLUK,22.2786,87.9222
TAMULPUR,26.6,91.59
TANDUR,17.2433,77.5867
TANGI,19.92,85.39
TANGLA,26.6589,91.91
TAPOVAN,30.12,78.32
TARABGANJ,26.58,81.59
TARABO,23.724,90.511
TARAMANI,12.9833,80.2333
TARANA,23.32,76.04
TARANAGAR,28.66,75.04
TARAPUR,22.48,72.66
TARBHA,20.72,83.67
TARGHADIA,22.34,70.91
TARGHADIA_AMFU,22.4,70.8
TARN_TARAN,31.37,74.97
TASGAON,17.42,74.6
TATTAPANI,31.24,77.09
TAVANUR,10.8436,75.9986
TAWANG,27.5667,91.8667
TEKKALI,18.6,84.22
TELEIBANI,21.54,84.62
TELHARA,20.01,76.51
TELIAMURA,23.72,91.74
TELKOI,21.36,85.4
TENPULIKHUNTI,19.29,82.78
TENSA,21.88,85.16
TEOK,26.83,94.41
TEZU,27.9236,96.1681
THAKURMUNDA,21.52,86.16
THAMARASSERY,11.41,75.93
THANAPLAUN,31.81,76.84
THANDALA,23,74.57
THANE,19.18,72.98
THARAD,24.38,71.62
THARALI,30.06,79.51
THASARA,22.79,73.21
THEIVA_CENTRE,22.39,93.1
THENDUKHEDA,23.4,79.53
THENMALA,8.95,77.06
THENZAWL,23.2828,92.7628
THIKRI,22.07,75.39
THINGSULTHIAH,23.69,92.85
THIRUCHENDUR,8.5083,78.1217
THIRUKOILUR,11.95,79.1833
THIRUMAYAM,10.25,78.75
THIRUPATHISARAM,8.2103,77.4524
THIRUVANANTHAPURAM,8.4667,76.95
THODUPUZHA,9.91,76.6
THOUBAL,24.6142,94.0222
THURAIYUR,11.1439,78.59
THUVAKUDI_ISRO,10.75,78.845
TIDAGUNDI_AMFU,16.98,75.75
TIGIRIA,20.4661,85.5269
TIHIDI,20.96,86.63
TIHU,26.47,91.26
TIJARA,27.92,76.85
TIKABALI,20.24,84.45
TIKAMGARH,24.72,78.81
TIKRIGARH,32.47,76.09
TILAKWADA,21.9333,73.58
TILDA,21.5522,81.4
TILHAR,27.57,79.44
TIMARNI,22.37,77.22
TINSUKIA,27.87,95.3167
TIRING,22.52,86.08
TIRODA,21.25,79.55
TIRTOL,20.48,86.62
TIRUMALA,13.69,79.3533
TIRUMALAGIRI,17.46,79.44
TIRUNELVELI,8.745,77.7117
TIRUPATI_AMFU,13.625,79.3733
TIRUTTANI_PTO_ISRO,13.1867,79.5917
TIRUVALLUR,13.1167,79.9
TIRUVANNAMALAI_ISRO,12.2667,79.0667
TIRUVURU,17.11,80.61
TIRWA,26.97,79.7989
TISSA,32.47,76.09
TITABOR,26.6,94.2
TIUNI,30.9331,77.8453
TLABUNG,22.91,92.47
TODARAISINGH,26.02,75.47
TOHANA,29.72,75.89
TONDAPUR,19.42,77.4
TONK,26.16,75.78
TOOFANGANJ,26.31,89.66
TOPCHANCHI,23.9,86.2
TORPA,22.93,85.41
TRAL,33.93,75.11
TRIMBAKESHWAR,73.53,19.94
TRISHULI,27.925,85.142
TRONGSA,27.501,90.507
TSEMINU,25.92,94.22
TSIRANG_DAMPHU,27.01,90.09
TULSIPUR,27.53,82.4
TULZAPUR,18,76.07
TUNDI,23.99,86.45
TUNDLA,27.12,78.13
TUPRAN_ARG,17.8443,78.478
TURA,25.495,90.2094
TUREIKELA,20.5,82.8
TUTICORIN_PORT,8.7517,78.1883
TUTING,28.9,94.8
UCHANI,29.68,77
UCOST_UKG,30.33,77.92
UCUKURU,14.43,78.8
UDAIPUR,32.3522,76.0608
UDAIPURWATI,27.72,75.48
UDAIPUR_AMFU,24.57,73.6833
UDALA,21.57,86.56
UDALGURI,26.7322,92.0939
UDAYNAGAR,22.53,76
UDGIR,18.2833,77.2
UDHAMPUR,32.91,76.0014
UJHA,29.38,77
UJJAIN,23.17,75.8
UKHIMATH,30.5119,79.0939
UKHRUL,25.0908,94.3567
ULLUNDO,20.96,83.88
ULUBERIA,22.4692,88.0944
UMADI,17.2,75.5
UMARGAM,20.19,72.74
UMARIA,23.31,80.5
UMARKHED,19.36,77.41
UMARPADA,21.46,73.47
UMIAM,25.75,91.8069
UMIAM_AMFU,25.6906,91.9206
UMRANGSHU,25.51,92.73
UNA,31.45,76.26
UNCHAHAR,25.54,81.18
UNJHA,23.8,72.37
UNNAO,26.57,80.48
UPLETA,21.74,70.28
UPPAL,17.4,78.56
UPPER_BHAVANI,11.225,76.52
URAVAKONDA,14.34,77.26
UTNOOR_ARG,19.3661,78.7753
UTRAULA,27.52,82.24
UTTAR_KASHI,30.72,78.43
VADIPATTI,10.0667,77.9833
VADODARA,22.36,73.16
VAIBHAVWADI,16.49,73.74
VAIRENGTE,24.491,92.7584
VAISALI,25.73,85.23
VAKKAD,10.87,75.89
VALBHIPUR,21.88,71.87
VALINOKKAM,11.45,77.42
VALPOI,15.51,74.13
VALSAD,20.5833,72.92
VANI,20.3333,73.8333
VANIYAMBADI,12.6833,78.6167
VANSADA,20.76,73.36
VARANASI,25.2833,83
VARANASI_ICAR,26.16,82.59
VAZATHOPE,9.865,76.9983
VAZHAPADI,11.65,78.39
VEDASANDUR,10.5367,77.965
VELLANIKKARA,10.5617,76.285
VELLARIKKUNDU,12.36,75.28
VELLAYANI,8.4433,76.9883
VEMULAWADA,18.47,78.86
VENGURLA,15.51,74.02
VENKATRAMANNAGUDEM,16.87,81.46
VEPPANTHATTAI,11.33,78.82
VERAVAL,21.1167,70.1167
VIDISHA,23.515,77.81
VIJAYARAI,16.63,81.04
VIJAYAWADA,16.5,80.62
VIJAYPUR,26.06,77.36
VIJAYRAGHAVGARH,23.99,80.8
VILANGANKUNNU,10.55,76.16
VINUKONDA,16.05,79.44
VIRAMGAM,23.13,72.04
VIRAT_NAGAR,27.43,76.1628
VIRINJIPURAM_ISRO,12.935,79.0217
VIRUDHUNAGAR,9.5517,77.9633
VISAVDHAR,21.32,70.74
VITLA,12.77,75.11
VIZIANAGRAM,18.1417,83.415
VRIDHA_CHALAM,11.51,79.33
VUYYURU,16.3783,80.8367
VYANTHALA,10.26,76.29
VYARA,21.11,73.39
WADENAPALLY,16.79,80.06
WADGAONSHERI_PUNE,18.5,73.9
WAGHAI,20.77,73.5
WAKCHING,26.7,94.9
WAKRO,27.7833,96.35
WANGNOI,24.67,93.89
WARANGAL,18.0317,79.685
WARDHA,20.78,78.59
WASHIM,20.1286,77.1317
WASHIM_KVK,20.1286,77.1317
WILLIAMNAGAR,25.5094,90.5989
WOKHA,26.085,94.2547
YACHARAM,17.05,78.66
YACHULI,27.46,93.7669
YADAGIRIGUTTA,17.58,78.95
YARALPAT,24.81,94
YELAGIRI_HILL,12.5833,78.6167
YELBURGA,15.61,76.0122
YELLAMANCHILLI,17.5717,82.8333
YELLANDU,17.59,80.31
YEMMIGANUR,15.7067,77.42
YEOTMAL,20.4025,78.1169
YERCAUD_ISRO,11.8133,78.2283
YERRAGONDAPALEM,16.04,79.3
YINGKIONG,28.64,95.0228
YUKSOM,27.36,88.21
YUPIA,27.1389,93.7169
YVU_KADAPA,14.47,78.71
ZAGADIA,21.71,73.1333
ZAHEERABAD,17.67,77.61
ZAINAPORA,33.78,75
ZIRO,27.4,93.8
ZIRO_ARG,27.5378,93.815
ZUNHEBOTO,26.0186,94.53
SITLAKHET,29.59,79.54
PANCHESHWAR,29.06,79.38
TANAKPUR,29.07,80.1
BHAGWANPUR _UKG,29.94,77.81
KHANPUR_UKG,29.92,77.81
LAKSAR_UKG,29.75,78.02
NARSAN,29.7,77.84
BETALGHAT_UKG,29.55,79.34
HALDWANI_UKG,29.21,79.52
KALAGARH_UKG,29.48,78.78
LANSDOWN_UKG,29.84,78.67
NAINIDANDA_UKG,29.73,79.01
PARPUNDA KHAL_UKG,30.07,78.77
PAURI_UKG,30.09,78.73
RISHIKESH (NEELKANTH) _UKG,30.07,78.27
RIKHNIKHAL_UKG,29.77,78.87
SYUNSI _UKG,29.89,79.02
YAMKESHWAR_UKG,29.98,78.41
DHARCHULA,29.84,80.54
DIDIHAT,29.8,80.25
KANALICHHINA,29.67,80.27
AGASTYAMUNI_UKG,30.39,79.03
RUDRAPRAYAG,30.28,78.98
SONEPRAYAG_UKG,30.63,78.99
CHANDRA BADNI_UKG,30.13,78.63
KIRTINAGAR_UKG,30.21,78.74
MUKHIM_UKG,30.57,78.44
NARENDRA NAGAR ,30.15,78.28
KHATIMA,28.92,79.96
MAGADI_AMFU,12.95,77.22
CHINYALISAUR_UKG,30.57,78.31
JAN KI CHATTI_UKG,30.97,78.43
MORI _UKG,31.01,78.04
KOSANI,29.84,79.6
DHANOLTI,30.42,78.43
NAINBAGH_UKG,30.57,78
JUHU_AIRPORT,19.09,72.83
GIRIVAN,19.07,72.9
PASHAN_PUNE,18.53,73.79
WEST TAMBARAM_SIT,12.96,80.05
YMCANANDNAM,13.02,80.23
GOOD WILL SCHOOL VILLIVAKKAM,13.11,80.2
MASI_UKG,29.81,79.28
KOSANI_ASG_UKG,29.84,79.6
THAILISAIN_UKG,30.02,79.04
BADRINATH_ASG_UKG,30.74,79.49
GHANGARIYA_ASG_UKG,30.7,79.59
MANA_UKG,30.77,79.49
BASTIA_UKG,29.12,80.08
LOHAGHAT_ASG_UKG,29.4,80.08
ASHARORI_UKG,30.25,77.98
CHAKRATA_ASG_UKG,30.7,77.86
KALSI_UKG,30.52,77.84
RANI MAZRA_UKG,29.82,78.14
GANAI GANGOLI_UKG,29.74,80.31
MUNSIYARI_ASG_UKG,30.06,80.23
THAL_UKG,29.82,80.14
GULAR BHOJ_UKG,29.09,79.31
SULTANPUR PATTI_UKG,29.15,79.05
GANGOTRI_ASG_UKG,30.99,78.94
HARSIL _ASG_UKG,31.03,78.73
JAN KI CHATTI_UKG_ASG,30.97,78.43
JAN KI CHATTI_ASG_UKG,0.97,78.43
LA MARTINIERE KOLKATA,22.77,88.32
CGWB BIDHANNAGAR,22.58,88.41
VENKATARAMANNAGUDEM_KVK,16.88,81.45
DIPHU_AGRO,25.84,93.42
EAST CHAMPARAN_KVK,26.65,84.91
CHHOTAUDEPUR_KVK,22.31,74.01
DANG_KVK,20.77,73.68
SURAT_KVK,21.17,72.8
KURUKSHETRA_KVK,29.97,76.85
RAMGARH_KVK,24.56,87.25
HAGARI_KVK,15.5,76.97
HARDANHALLY_KVK,11.89,76.95
MUDIGERE_KVK,13.12,75.62
IMPHAL_AGRO,24.81,93.88
JHARNAPANI_AGRO,25.75,93.84
BARUIPUR_AGRO,22.36,88.43
MUZAFFARPUR_AMFU,26.12,85.37
PUSA_AMFU,25.98,85.67
WEST KALLADA,9.01,76.6
NEYYATTINKARA,8.39,77.08
SONG,29.89,79.77
THAILISAIN,30.02,79.04
AGRICULTURE UNIVERSITY_KVK,25.23,87.04
JAGDISHPUR_KVK,28.93,77.05
SIRMOUR(DHULAKUAN)_KVK,30.5,77.48
WALHE_PURANDAR,18.18,74.15
MOHOL_KVK,17.81,75.62
ROPAR_KVK,30.97,76.51
KHARAGPUR_AGRO,22.31,87.31
JAULJIBI_UKG,29.75,80.37
MAHANANDI,15.47,78.62
HISSAR_AGRO,29.14,75.68
KISHTWAR,33.3116,75.7662
LAKHAMANDAL_UKG,30.731,78.0677
LALDHANG_UKG,29.851,78.3152
KHADAKWADI_AMBEGAON,18.4212,73.7169
DUMKA_AMFU,24.27,87.26
DUNDA_UKG,30.7,78.34
A_D_NAGAR_AMFU,23.77,91.38
KHUTBAV_DAUND,18.51,74.32
LONIKALBHOR_HAVELI,18.48,74.01
SATPULI_UKG,29.91,78.71
PASHAN_AWS_LAB,18.54,73.79
TAWAGHAT,29.95,80.6
BHATINDA_AMFU,30.15,74.92
GURDASPUR_KVK,32.04,75.42
GURDASPUR_AMFU,32.04,75.4
LUDHIYANA_AMFU,30.9,75.8
BALACHAR_AMFU,31.05,76.29
NANDURBAR_KVK,21.43,74.28
NURMAHAL_KVK,31.09,75.58
BUDH SINGH WALA _KVK,30.75,75.17
KAMPASAGAR_KVK,16.85,79.45
SULT,29.62,79.18
CHAUKHUTIYA,29.883,79.348
DWARHAT,29.776,79.426
NICOBAR,7,93
NORTH & MIDDLE ANDAMAN,12.61,92.83
SOUTH ANDAMAN,10.71,92.49
ANJAW,28.11,96.83
CHANGLANG,27.14,95.74
DIBANG VALLEY,28.69,95.85
EAST KAMENG,27.3,93.05
EAST SIANG,28.3,95.15
KURUNG KUMEY,27.99,93.16
LOHIT,28.04,96.17
LOWER DIBANG VALLEY,28.21,95.88
LOWER SUBANSIRI,27.8,93.6
PAPUM-PARE,27.29,93.62
TAWANG,27.59,91.86
TIRAP,27.03,95.5
UPPER SIANG,28.73,95.04
UPPER SUBANSIRI,28.3,94
BONGAIGAON,26.48,90.56
CACHAR,24.76,92.88
CHIRANG,26.65,90.62
DARRANG,26.75,92.5
DHEMAJI,27.47,94.52
DHUBRI,26.02,89.94
DIBRUGARH,27.48,94.9
GOALPARA,26.18,90.62
GOLAGHAT,26.4,94.03
HAILAKANDI,24.69,92.57
JORHAT,26.76,94.21
KAMRUP RURAL,26.12,91.62
KARIMGANJ,24.85,92.33
KOKRAJHAR,26.59,90.29
LAKHIMPUR,27.99,80.75
MORIGAON,26.26,92.34
NAGAON,26.3,92.72
NALBARI,26.42,91.45
SIBSAGAR,26.96,94.58
SONITPUR,26.77,92.7
TINSUKIA,27.52,95.53
UDALGURI,26.7,92.04
EAST GARO HILLS,25.62,90.63
EAST KHASI HILLS,25.41,91.84
JAINTIA HILLS,25.5,92.25
RI BHOI,25.88,91.86
SOUTH GARO HILLS,25.35,90.57
WEST GARO HILLS,25.61,90.2
WEST KHASI HILLS,25.58,91.29
DIMAPUR,25.91,93.73
KIPHIRE,25.82,94.84
KOHIMA,25.75,94.17
LONGLENG,26.49,94.77
MOKOKCHUNG,26.48,94.51
PEREN,25.48,93.73
PHEK,25.75,94.5
TUENSANG,26.17,94.86
WOKHA,26.17,94.25
ZUNHEBOTO,26,94.5
BISHNUPUR,24.6,93.8
CHANDEL,24.3,94
CHURACHANDPUR,24.4,93.7
IMPHAL EAST,24.9,94
IMPHAL WEST,24.8,93.9
SENAPATI,25.4,94.1
TAMENGLONG,24.9,93.6
THOUBAL,24.6,94
UKHRUL,25.1,94.4
AIZAWL,23.7,92.7
CHAMPHAI,23.6,93.3
KOLASIB,24.2,92.7
LAWNGTLAI,22.3,92.8
LUNGLEI,22.9,92.8
MAMIT,23.8,92.5
SAIHA,22.5,93
SERCHHIP,23.4,92.9
DHALAI,23.8,92
NORTH TRIPURA,24.1,92.2
SOUTH TRIPURA,23.5,91.67
WEST TRIPURA,23.92,91.5
EAST SIKKIM,27.6,88.45
NORTH SIKKIM,27.6,88.45
SOUTH SIKKIM,27.6,88.45
WEST SIKKIM,27.6,88.45
DAKSHIN DINAJPUR,25.39,88.5
DARJEELING,27.04,88.26
JALPAIGURI,26.63,88.73
KOCHBIHAR,26.25,89.42
MALDA,25.01,88.14
BANKURA,23.13,87.21
BIRBHUM,24,87.58
HAORA,22.57,88.33
HUGLI,22.91,88.01
KOLKATA,22.54,88.36
NADIA,23.48,88.56
PURULIYA,23.2,86.32
SOUTH 24 PARGANAS,22.18,88.54
ANUGUL,20.84,85.08
BALANGIR,20.75,83.25
BALESHWAR,21.5,86.75
BARAGARH,21.34,83.62
BHADRAK,21.06,86.51
CUTTACK,20.47,85.88
DEOGARH,21.54,84.73
DHENKANAL,20.75,85.5
GAJAPATHI,18.06,83.41
GANJAM,19.41,85.05
JAGATSINGHAPUR,20.27,86.16
JAJAPUR,20.83,86.38
JHARSUGUDA,21.88,84.01
KALAHANDI,19.75,83
KANDHAMAL,20.13,84.08
KENDUJHAR,21.59,85.67
KHORDHA,20.23,85.56
KORAPUT,18.72,82.61
MALKANGIRI,18.36,81.9
MAYURBHANJ,21.75,86.5
NABARANGAPUR,19.61,82.3
NAYAGARH,20.12,85.11
NUAPARHA,20.81,82.53
PURI,19.81,85.83
SAMBALPUR,21.4,83.88
SUBARNAPUR,27.23,84.71
SUNDARGARH,22.13,83.98
BOKARO,23.7,85.99
BOKARO_KVK,23.7,85.99
CHATRA,24.2,84.88
DEOGHAR,24.48,86.61
DHANBAD,23.8,86.43
DUMKA,24.25,87.3
EAST SINGHBHUM,22.5,85.5
GARHWA,24.16,83.83
GIRIDIH,24.16,86.25
GODDA,24.74,87.29
GUMLA,23.09,84.57
HAZARIBAGH,23.97,85.44
JAMTARA,23.92,86.77
KHUNTI,23.1,85.35
KODERMA,24.49,85.56
LATEHAR,23.74,84.51
LATEHAR-BALUMATH_KVK,23.74,84.51
LOHARDAGA,23.47,84.74
PAKUR,24.64,87.86
PALAMU,23.92,84.08
RAMGARH,23.6,85.54
RANCHI,23.37,85.33
SAHEBGANJ,26.25,84.94
SARAIKELA,22.75,85.92
SIMDEGA,22.67,84.55
WEST SINGHBHUM,22.5,85.5
ARARIYA,26.26,87.37
ARWAL,25.18,84.66
AURANGABAD,19.88,75.34
BANKA,24.87,86.87
BEGUSARAI,25.51,86.09
BHABUA,25.08,83.63
BHAGALPUR,25.29,87.13
BHOJPUR,25.25,84.25
BUXAR,25.56,84.02
GAYA,24.8,85.01
GOPALGANJ,26.42,84.37
JAMUI,24.97,86.17
KATIHAR,25.56,87.65
KHAGARIA,25.49,86.7
KISHANGANJ,26.3,87.95
LAKHISARAI,25.17,86.06
MADHEPURA,25.93,86.82
MUNGER,25.22,86.52
MUZAFFARPUR,26.15,85.34
NALANDA,25.14,85.44
NAWADA,24.82,85.52
PATNA,25.61,85.12
PURBA CHAMPARAN,26.58,84.83
PURNIA,26,87.5
ROHTAS,24.94,84.02
SAHARSA,25.83,86.61
SAMASTIPUR,25.77,85.87
SARAN,25.91,84.78
SHEIKHPURA,25.13,85.82
SHEOHAR,26.49,85.27
SITAMARHI,26.59,85.51
SIWAN,26.13,84.39
SUPAUL,26.28,86.8
VAISHALI,25.95,85.14
ALLAHABAD,25.44,81.83
AMBEDKARNAGAR,15.24,80.01
AMETHI,26.35,81.62
AZAMGARH,26.02,83.03
BAHRAICH,27.73,81.48
BALLIA,25.88,84.12
BALRAMPUR,27.45,82.4
BARABANKI,26.94,81.39
BASTI,26.72,82.79
CHANDAULI,25.13,83.25
CHITRAKOOT,25.22,81.1
DEORIA,26.42,83.76
FAIZABAD,26.64,82.06
FARRUKHABAD,27.44,79.49
FATEHPUR,25.84,80.92
GAZIPUR,28.38,77.27
GONDA,27.11,81.92
GORAKHPUR,26.67,83.36
HARDOI,27.34,80.1
JAUNPUR,25.8,82.49
KANNAUJ,27,79.69
KANPUR,26.46,80.32
KANPUR DEHAT,26.46,79.86
KAUSHAMBI,25.54,81.45
KHERI,28.18,80.71
KUSHINAGAR,26.74,83.92
LUCKNOW,26.84,80.93
MAHARAJGANJ,27.09,83.57
MAU,26.04,83.5
MIRZAPUR,24.94,82.65
PRATAPGARH,25.75,81.75
SITAPUR,27.5,80.83
SONBHADRA,24.39,83.08
SULTANPUR,26.24,82.3
UNNAO,26.58,80.61
VARANASI,25.34,83.01
AGRA,27.18,78.01
ALIGARH,27.88,78.14
AURAIYA,26.66,79.52
BAGHPAT,28.97,77.33
BAREILLY,28.46,79.41
BIJNOR,29.41,78.48
ETAH,27.55,78.6
ETAWAH,26.72,79.09
FIROZABAD,27.18,78.39
GHAZIABAD,28.71,77.44
HAMIRPUR,25.75,80
HAPUR,28.74,77.84
JALAUN,26.11,79.43
JHANSI,25.53,78.65
JYOTIBAPHULE NAGAR,26.45,82.56
LALITPUR,24.7,78.52
MAHOBA,25.36,79.7
MAINPURI,27.21,79.05
MATHURA,27.63,77.58
MEERUT,29,77.77
MORADABAD,28.86,78.81
RAMPUR,28.79,79.19
SAMBHAL,28.62,78.55
SHAHJAHANPUR,27.91,79.75
SHAMLI,29.5,77.35
SHARANPUR,20,73.78
ALMORA,29.7,79.43
BAGESHWAR,30.01,79.93
CHAMOLI,30.5,79.62
CHAMPAWAT,29.24,80.1
DEHRADUN,30.33,78.04
HARIDWAR,29.94,78.15
PAURI GARHWAL,29.85,78.71
PITHORAGARH,30.13,80.48
RUDRAPRAYAG,30.3,79.06
TEHRI GARWAL,25.76,74.24
UDHAM SINGH NAGAR,29.05,79.43
UTTARKASHI,30.97,78.63
AMBALA,30.38,76.77
BHIWANI,28.79,76.14
FARIDABAD,28.4,77.31
FATEHABAD,29.47,75.52
GURGAON,28.43,77
HISAR,29.17,75.75
JHAJJAR,28.53,76.69
JIND,29.3,76.34
KAITHAL,29.82,76.38
KARNAL,29.68,76.99
KURUKSHETRA,29.97,76.85
MAHENDRAGARH,28.25,76.17
MEWAT,27.99,77.04
PALWAL,28.18,77.37
PANCHKULA,30.62,77.04
PANIPAT,29.39,76.98
REWARI,28.2,76.62
ROHTAK,28.9,76.58
SIRSA,29.58,75.08
SONIPAT,29,77.02
YAMUNANAGAR,30.21,77.29
CHANDIGARH,30.73,76.78
CENTRAL DELHI,28.7,77.22
EAST DELHI,28.62,77.31
NEW DELHI,28.61,77.21
NORTH DELHI,28.61,77.21
NORTH EAST DELHI,28.72,77.27
NORTH WEST DELHI,28.61,77.21
SOUTH DELHI,28.49,77.2
SOUTH WEST DELHI,28.59,76.98
WEST DELHI,28.65,77.09
AMRITSAR,31.63,74.87
BARNALA,30.37,75.5
BATHINDA,30.18,75.05
FARIDKOT,30.6,74.79
FATEHGARH SAHIB,30.66,76.38
FIROZPUR,30.89,74.66
GURDASPUR,31.9,75.23
HOSHIARPUR,31.61,75.85
JALANDHAR,31.29,75.57
KAPURTHAL_UKGA,31.39,75.31
LUDHIANA,30.91,75.85
MANSA,29.88,75.49
MOGA,30.78,75.16
MUKTSAR,30.28,74.52
PATIALA,30.21,76.34
RUPNAGAR,31.09,76.53
SANGRUR,30.21,75.82
SAS NAGAR,30.69,76.71
TARN TARAN,31.32,74.84
BILASPUR,22.38,82.13
HAMIRPUR,25.75,80
KANGRA,32.07,76.24
KINNAUR,31.59,78.4
KULLU,32,77.38
LAHUL&SPITI,32.5,77.58
MANDI,31.67,76.95
SHIMLA,31.1,77.17
SIRMAUR,30.75,77.5
SOLAN,30.93,77.08
UNA,31.58,76.25
ANANTNAG,33.74,75.15
BADGAM,34.04,74.74
BANDIPORE,34.46,74.68
BARAMULA,34.57,74.75
DODA,33.18,75.57
JAMMU,32.72,74.86
KATHUA,32.43,75.56
KULGAM,33.67,75.01
KUPWARA,34.61,74.24
PULWAMA,33.9,74.9
PUNCH,33.9,74.15
RAJOURI,33.38,74.31
RAMBAN,33.21,75.21
SHOPIAN,33.72,74.83
SRINAGAR,34.07,74.82
UDHAMPUR,33,75.17
KARGIL,34.42,75.65
LEH AND LADAKH,34.16,77.58
BARMER,25.58,71.62
BIKANER,28.02,73.32
CHURU,28.21,74.69
GANGANAGAR,23.75,91.88
HANUMANGARH,29.37,74.3
JALOR,25.17,72.25
JODHPUR,26.3,73.04
NAGAUR,27.06,74.18
PALI,25.6,73.42
AJMER,26.47,74.64
ALWAR,27.64,76.61
BANSWARA,23.49,74.35
BARAN,24.92,76.7
BHARATPUR,27.27,77.37
BHILWARA,25.49,74.7
BUNDI,25.5,75.83
CHITTAURGARH,24.5,74.5
DAUSA,26.8,76.44
DHOLPUR,26.7,77.9
DUNGARPUR,23.67,73.75
JAIPUR,26.92,75.82
JHALAWAR,24.31,76.52
JHUNJHUNUN,28.08,75.54
KARAULI,26.52,77.06
KOTA,25.2,76
PRATAPGARH,25.75,81.75
SIKAR,27.66,75.03
SIROHI,24.81,72.83
TONK,26.12,75.66
UDAIPUR,24.58,73.69
AGAR-MALWA,23.93,76.15
ALIRAJPUR,22.29,74.35
ASHOKNAGAR,24.58,77.73
BARWANI,21.75,74.89
BETUL,21.88,77.88
BHIND,26.5,78.75
BHOPAL,23.26,77.4
BURHANPUR,26.27,82.99
DATIA,25.75,78.5
DEWAS,23,76.17
DHAR,22.5,75.25
GUNA,24.5,77.5
GWALIOR,26.2,78.16
HARDA,22.34,77.09
HOSHANGABAD,22.6,77.93
INDORE,22.72,75.87
JHABUA,22.89,74.73
KHANDWA,21.98,76.57
KHARGONE,21.82,75.61
MANDSAUR,24.27,75.39
MORENA,26.17,77.5
NIMACH,24.46,74.85
RAISEN,23.25,78.08
RAJGARH,23.87,76.77
RATLAM,23.5,74.95
SEHORE,23.12,77.07
SHAJAPUR,23.37,76.62
SHEOPUR,25.67,76.7
SHIVPURI,25.38,77.83
UJJAIN,23.17,75.79
VIDESHA,9.56,76.76
ANUPPUR,23.04,81.39
BALAGHAT,21.97,80.33
CHHATARPUR,24.75,79.75
CHHINDWARA,22.14,78.81
CHHINDWARA_AMFU,22.14,78.81
DAMOH,23.75,79.58
DINDORI,20.26,73.81
JABALPUR,23.16,79.95
KATNI,23.83,80.39
MANDLA,22.69,80.58
PANNA,24.5,80.25
REWA,24.76,81.66
SAGAR,23.81,78.76
SATNA,24.5,81
SEONI,22.28,79.72
SHAHDOL,23.3,81.36
SIDHI,24.25,82
SINGRAULI,24.2,82.67
TIKAMGARH,24.85,79.05
UMARIA,23.64,80.94
DAMAN,20.42,72.86
AHMADABAD,23.02,72.58
ANAND,22.56,72.96
ARAVALLI,16.63,81.61
BANASKANTHA,24.17,72.43
BHARUCH,21.75,73
CHHOTA UDEPUR,22.31,74.01
DAHOD,22.84,74.26
DANGS,20.79,73.71
GANDHINAGAR,23.22,72.65
KHERA,30.11,79.54
MAHESANA,23.67,72.5
MAHISAGAR,23.19,73.66
NARMADA,22.67,77.58
NAVSARI,20.95,72.93
PANCHMAHAL,28.63,77.31
PATAN,23.77,71.68
SABAR KANTHA,23.5,73.25
TAPI,21.18,75.44
VADODARA,22.3,73.19
VALSAD,20.43,73.14
AMRELI,20.87,70.75
BHAVNAGAR,21.77,72.14
BOTAD,22.17,71.67
DEVBHOOMI DWARKA,22.21,69.65
GIR SOMNATH,20.89,70.4
JAMNAGAR,22.47,70.06
JUNAGARH,19.81,82.95
KACHCHH,23.58,70
MORBI,22.82,70.83
PORBANDAR,21.64,69.61
RAJKOT,22.31,70.8
SURENDRANAGAR,22.75,71.67
DIU,20.71,70.99
DAMAN,20.42,72.86
DIU,20.71,70.99
NORTH GOA,15.6,74
SOUTH GOA,15.22,74.12
MUMBAI CITY,18.97,72.83
PALGHAR,19.68,72.83
RAIGARH,22.5,83.5
RATNAGIRI,17.28,73.46
SINDHUDURG,16.14,73.65
SUBURBAN MUMBAI,19.08,72.88
THANE,19.19,72.97
AHMADNAGAR,19.25,74.75
DHULE,21.13,74.48
JALGAON,20.84,75.53
KOLHAPUR,16.7,74.24
NANDURBAR,21.37,74.28
NASIK,19.98,73.89
PUNE,18.52,73.85
SANGLI,16.85,74.59
SATARA,17.64,74.3
SOLAPUR,17.85,75.28
AURANGABAD,19.88,75.34
BID,18.99,75.91
HINGOLI,19.54,77.17
JALNA,19.92,75.87
LATUR,18.35,76.76
NANDED,19.17,77.29
OSMANABAD,18.17,76.12
PARBHANI,19.29,76.6
AKOLA,20.76,77.19
AMARAVATI,16.5,81.33
BHANDARA,27.6,84.65
BULDHANA,20.58,76.42
CHANDRAPUR,26.21,91.9
GADCHIROLI,19.76,80.16
GONDIYA,21.15,80.27
NAGPUR,21.15,79.08
WARDHA,20.83,78.61
WASHIM,20.29,77.24
YAVATMAL,20.33,78.12
BALARAMPUR,23.11,86.23
BALOD,20.73,81.14
BALODA BAZAR,21.57,82.44
BASTAR,19.12,81.83
BEMETARA,21.68,81.43
BIJAPUR,18.79,80.82
BILASPUR,22.38,82.13
DANTEWARA,18.91,81.35
DHAMTARI,20.71,81.55
DURG,21.2,81.4
GARIABAND,20.43,82.25
JASHPUR,22.77,83.95
KABIRDHAM,22.11,81.25
KANKER,20.13,80.98
KONDAGAON,19.59,81.66
KORBA,22.52,82.63
MAHASAMUND,21.19,82.48
MUNGELI,22.07,81.69
NARAYANPUR,25.37,86.87
RAIGARH,22.5,83.5
RAIPUR,21.24,81.63
RAJNANDGAON,20.97,80.69
SUKMA,18.27,81.29
SURAJPUR,23.35,82.97
SURGUJA,22.95,83.17
YANAM,16.73,82.21
EAST GODAVARI,17.23,81.72
GUNTUR,16.29,80.45
KRISHNA,16.67,80.72
NELLORE,14.45,79.99
PRAKASAM,15.5,79.5
SRIKAKULAM,18.32,83.92
VIZIANAGARAM,18.11,83.41
WEST GODAVARI,17,81.17
ADILABAD,19.5,78.5
B. KOTHAGUDEM,17.55,80.61
HYDERABAD,17.39,78.46
J. BHUPALPALLY,18.44,79.87
JAGTIAL,18.82,78.92
JANGAON,17.73,79.26
JOGULAMBA GADWAL,16.1,77.73
KAMAREDDY,18.32,78.05
KARIMNAGAR,18.43,79.13
KHAMMAM,17.5,80.33
M. MALKAJGIRI,17.45,78.53
MAHABUBABAD,17.71,80.04
MAHABUBNAGAR,16.7,77.96
MANCHERIAL,18.88,79.44
MEDAK,17.94,78.21
MULUGU,18.19,79.94
NAGARKURNOOL,16.42,78.68
NALGONDA,16.86,79.22
NARAYANPET,16.7,77.62
NIRMAL,19.09,78.4
NIZAMABAD,26.06,82.99
PEDDAPALLE,17.56,82.83
RAJANNA SIRCILLA,18.45,78.76
RANGAREDDY,17.13,78.4
SANGAREDDY,17.87,77.82
SIDDIPET,18.01,78.9
SURYAPET,17.08,79.79
VIKARABAD,17.27,77.75
WANAPARTHY,16.29,77.99
Y. BHUVANAGIRI,11.5,79.66
ANANTHAPUR,19.5,78.43
CHITTOOR,13.16,79.16
CUDDAPAH,14.42,78.75
KURNOOL,15.83,78.04
ARIYALUR,11.08,79.12
CHENGALPATTU,12.68,79.98
CHENNAI,13.08,80.27
COIMBATORE,11,76.96
CUDDALORE,11.74,79.75
DHARAMPURI,17.94,74.67
DINDIGUL,10.33,78.07
ERODE,11.37,77.68
KALLAKURICHI,11.74,78.96
KANCHIPURAM,12.84,79.71
KANYAKUMARI,8.08,77.55
KARUR,10.93,78.08
KRISHNAGIRI,12.52,78.22
MADURAI,9.93,78.11
NAGAPATTINAM,10.81,79.82
NAMAKKAL,11.28,78.17
NILGIRI,19.18,72.97
PERAMBALUR,11.23,78.82
PUDUKKOTTAI,10.5,78.83
RAMANATHAPURAM,9.39,78.86
RANIPET,12.93,79.33
SIVAGANGA,9.85,78.53
TENKASI,9.03,77.37
THANJAVUR,10.79,79.14
THIRUVARUR,10.74,79.63
TIRUCHIRAPPALLI,10.8,78.69
TIRUNELVELI,8.7,77.58
TIRUPATTUR,12.49,78.56
TIRUPPUR,11.1,77.35
TIRUVALLUR,13.14,79.91
TIRUVANNAMALAI,12.23,79.07
TUTICORIN,8.81,78.15
VELLORE,12.79,79
VILLUPURAM,11.94,79.49
VIRUDHUNAGAR,9.52,77.88
KARAIKAL,10.92,79.84
YANAM,16.73,82.21
DAKSHIN KANNADA,12.88,75.03
UDUPI,13.34,74.75
UTTAR KANNADA,13.06,74.96
BAGALKOT,16.19,75.7
BELGAUM,15.86,74.51
BIJAPUR,18.79,80.82
DHARWAD,15.45,75.01
GADAG,15.43,75.63
GULBARGA,17.17,77.08
HAVERI,14.79,75.4
KOPPAL,15.35,76.15
RAICHUR,16.08,77.17
YADGIR,16.77,77.14
BANGALORE RURAL,13,77.34
BANGLORE URBAN,12.96,77.56
BELLARY,15.15,76.91
CHAMARAJANAGAR,11.93,76.93
CHIKBALLAPUR,13.43,77.73
CHIKMAGALUR,13.32,75.77
CHITRADURGA,14.23,76.4
DAVANGERE,14.47,75.92
HASSAN,13.01,76.1
KODAGU,12.38,75.67
KOLAR,13.14,78.13
MYSORE,12.31,76.66
RAMNAGAR_UKG,29.42,79.1
SHIMOGA,13.93,75.57
TUMKUR,13.34,77.1
ALAPPUZHA,9.49,76.42
ERNAKULAM,9.98,76.3
IDUKKI,9.85,76.98
KANNUR,11.88,75.37
KASARGOD,12.49,74.99
KOLLAM,8.89,76.6
KOTTYAM,9.59,76.52
MALAPPURAM,11.11,76.11
PALAKKAD,10.77,76.65
WAYANAD,11.72,76.13
LAKSHADWEEP,10.81,73.68
WEST KAMENG,27.34, 92.3
WEST SIANG,28.14,94.74
BAKSA,26.69,91.59
KAMRUP METRO,26.07,91.63
KARBI ANALOG,25.84,93.43
N.C HILLS,25.34,93.01
MON,26.8,94.97
UTTAR_DINAJPUR,25.98,88.05
BARDAMAN,23.23,87.86
EASTMEDNIPUR,21.93,87.77
MURSIDABAD,24.22,88.24
NORTH 24 PRAGANA,22.61,88.4
PASHCHIM MEDINIPUR,22.4,87.38
KARNAPRAYAG,30.25,79.21
AKOLA_AMFU,20.7,77.03
SINDEWAHI_AMFU,20.29,79.67
PASHAN_AWS_LAB_AMFU,18.54,73.8
MULDE_AMFU,16.01,73.71
SAHASTRADHARA/ITI_UKG,30.36,78.09
BAUDA,20.84,84.32
KENDRAPARHA,20.49,86.42
RAYAGARHA,19.17,83.41
DRABHANGA,26.15,85.89
JAHANABAD,25.21,84.98
MADUBANI,26.34,86.07
PACHIM CHAMPARAN,27.15,84.35
BANDA,25.47,80.33
RAIBEARELI,26.21,81.25
SANTKABIRNAGAR,26.76,83.03
SANTRAVIDASNAGAR,25.32,82.43
SHRAWASTI,27.5,82.03
SIDDHARTHNAGAR,27.27,82.82
BULANDSAHAR,28.4,77.84
GAUTAMBUDHNAGAR,28.33,77.6
KANSHIRAMNAGAR,27.79,78.79
KANSHIRAMNAGAR_UKG,27.79,78.79
MAHAMAYANAGAR,27.49,78.01
MUZAFARNAGAR,29.47,77.7
PILHIBHIT,28.62,79.8
NANITAL,29.39,79.45
CHARKHI DADRI,28.59,76.26
SBS NAGAR,31.09,76.03
CHAMBA,32.55,76.12
GANDERWAL,34.21,74.77
KISTWAR,33.31,75.76
RIASI,33.08,74.83
JAISELMER,26.91,70.9
RAJSMAND,25.05,73.88
SWAIMADHOPUR,26.01,76.35
NARSHIMAPURA,28.05,75.46
DADAR & NAGAR HAVELI,20.18,73.01
JANJGIR_CHAMPA,22.03,82.65
KOREA,25.9,84.89
VISHAKHAPATNAM,17.68,83.21
KUMARAM BHEEM,19.43,79.22
WARANGAL_RURAL,17.87,79.81
WARANGAL_URBAN,17.97,79.91
MAYILADUTHURAI,11.1,79.65
SALEM,11.66,78.14
TENI,10.01,77.47
MAHE,11.7,75.54
PUDUCHERY,11.94,79.8
MANDHYA,12.56,76.73
KOZIKOD,11.25,75.78
PATTANAMITTIA,9.26,76.78
THIRUVANANTHPURAM,8.52,76.93
TRISHUR,10.52,76.21
RUDRAPUR(UKG)_UKG,28.98,79.4
AIRPORT(CHAKKA),8.4872,76.922039
GUDHE_BHOR,18.06,73.66
LODI ROAD,28.58,77.22
PALAMPUR_AMFU,32.1,76.54
SEOBAGH_AMFU,31.99,77.13
NAUNI_AMFU,30.86,77.17
SRINAGAR_AMFU,34.14,74.87
THIRUPATHISARAM_AMFU,8.21,77.45
NAMAKKAL_AMFU,11.23,78.2
KOVILPATTI_AMFU,9.18,77.84
BHARAICH_AMFU,27.57,81.62
PACHPEDWA_AMFU,27.49,81.89
PRAYAGRAJ_AMFU,21.4,81.84
UNNAO_AMFU,26.46,80.36
KALIMPONG_AMFU,27.07,88.47
KOLKATA AIRPORT,22.64,88.42
NAVASARI_AMFU,20.92,72.9
PANAJI,15.49,73.82
MORMUGAO,15.38,73.81
KUKUMSHERI_AMFU,32.69,76.68
BANSI,27.17,82.93
WYRA_KVK,17.18,80.37
MAKTAMPUR_AMFU,21.7,73.01
RJSPMCOP_DUDULGAON,18.67,73.87
BAGHPAT_KVK,28.86,77.28
NES_LAKADI_INDAPUR,18.11,75.02
VIKAS NAGAR_UKG,30.47,77.76
SHEIKPURA_KVK,25.21,86.09
ASHOKNAGAR_KVK,24.57,77.73
GUNA_KVK,24.63,77.29
PURULIA_KVK,23.39,86.41
CHALTHI,29.26,80.09
KEDARNATH_UKG,30.73,79.06
UTT. TECH. UNI._UKG,30.34,77.94
KAWADIMATTI_KVK,16.48,76.74
AYODHYA,26.79,82.19
ANAND_AMFU,22.53,72.97
KVK_VIZIANAGARAM,18.93,83.61
MAHENDRAGARH_KVK,28.27,76.15
MALLAPURAM_KVK,10.85,75.98
AONWARI_KVK,11.01,76.93
TALUN_KVK,22.03,74.9
ARON_KVK,24.38,77.39
RAMSHAI_KVK,26.7,88.84
RATUA_KVK,25.21,87.92
BARAMULLA_AMFU,34.2,74.34
ALMORA_UKG,29.58,79.6467
BHIKIYASAIN_UKG,29.69,79.26
CHAUKHUTIYA_UKG,29.88,79.35
DWARHAT_UKG,29.77,79.42
JAGESHWAR_UKG,29.66,79.85
JAINTI_UKG,29.48,79.82
SITLAKHET_UKG,29.59,79.54
SULT_UKG,29.86,79.84
BAGESHWAR_UKG,29.84,79.87
GARUD_UKG,29.89,79.6
KANDA_UKG,29.8,79.82
KOSANI_UKG,29.69,79.67
SONG_UKG,30.38,78.12
DEWAL_UKG,30.7,78.11
TAKULA _UKG,29.74,79.68
GHAT_UKG,30.25,79.44
GOCHAR_UKG,30.27,79.17
KARNAPRAYAG_UKG,30.25,79.21
POKHARI_UKG,30.34,79.19
TAPOVAN_UKG,30.49,79.63
THARALI_UKG,30.06,79.5
CHALTHI_UKG,29.26,80.09
CHAMPAWAT_UKG,29.33,80.09
DEVIDHURA_UKG,29.34,79.44
LOHAGHAT_UKG,29.4,80.08
PANCHESHWAR_UKG,29.42,80.26
PATI _UKG,29.39,79.95
TANAKPUR_UKG,29.07,80.1
CHAKRATA_UKG,30.7,77.86
KALSI _UKG,30.52,77.84
PABAL_SHIRUR,18.83,74.05
TALEGAON_DHAMDHERE,18.67,74.14
VETALE_KHED,18.94,73.79
CHERTHALA,9.67,76.33
KAPURTHALA(SCIENCE_CITY),31.34,75.52
KAPURTHALA,31.34,75.52
CHOPTA_ASG_UKG,30.34,79.04
KALYANPUR_KVK,23.28,81.33
PIPARSAMA_KVK,25.39,77.6
SANTINIKETAN-BOLPUR_KVK,23.67,87.65
MURSHIDABAD_KVK,24.26,88.28
SHAMA_UKG,29.97,80.04
